phi_1 (rad);phi_2 (rad);phi_3 (rad);phi_4 (rad);phi_5 (rad);phi_6 (rad);phi_7 (rad);phi_8 (rad);t (min);Temperature (degC), Point: 53;Temperature (degC), Point: 74;Temperature (degC), Point: 77;Temperature (degC), Point: 78;Temperature (degC), Point: 81;Temperature (degC), Point: 102;X-coordinate (m), Point: 53;X-coordinate (m), Point: 74;X-coordinate (m), Point: 77;X-coordinate (m), Point: 78;X-coordinate (m), Point: 81;X-coordinate (m), Point: 102;Y-coordinate (m), Point: 53;Y-coordinate (m), Point: 74;Y-coordinate (m), Point: 77;Y-coordinate (m), Point: 78;Y-coordinate (m), Point: 81;Y-coordinate (m), Point: 102;Z-coordinate (m), Point: 53;Z-coordinate (m), Point: 74;Z-coordinate (m), Point: 77;Z-coordinate (m), Point: 78;Z-coordinate (m), Point: 81;Z-coordinate (m), Point: 102
0.0000;0.0000;0.0000;0.0000;0.0000;0.0000;0.0000;0.0000;0.0000;42.637;42.638;46.052;44.633;42.637;42.637;-0.0040000;-7,35E-15;2,45E-15;2,45E-15;2,45E-15;0.0040000;4,90E-15;-0.0040000;0.0000;0.0000;0.0040000;0.0000;-0.0060000;-0.0060000;-0.010000;-0.0020000;-0.0060000;-0.0060000
0.0000;0.0000;0.0000;0.0000;0.0000;0.0000;0.0000;0.0000;0.10000;42.638;42.639;46.061;44.641;42.639;42.638;-0.0040000;-7,35E-15;2,45E-15;2,45E-15;2,45E-15;0.0040000;4,90E-15;-0.0040000;0.0000;0.0000;0.0040000;0.0000;-0.0060000;-0.0060000;-0.010000;-0.0020000;-0.0060000;-0.0060000
0.0000;0.0000;0.0000;0.0000;0.0000;0.0000;0.0000;0.0000;0.20000;42.639;42.641;46.068;44.646;42.640;42.640;-0.0040000;-7,35E-15;2,45E-15;2,45E-15;2,45E-15;0.0040000;4,90E-15;-0.0040000;0.0000;0.0000;0.0040000;0.0000;-0.0060000;-0.0060000;-0.010000;-0.0020000;-0.0060000;-0.0060000
0.0000;0.0000;0.0000;0.0000;0.0000;0.0000;0.0000;0.0000;0.30000;42.641;42.643;46.073;44.650;42.642;42.642;-0.0040000;-7,35E-15;2,45E-15;2,45E-15;2,45E-15;0.0040000;4,90E-15;-0.0040000;0.0000;0.0000;0.0040000;0.0000;-0.0060000;-0.0060000;-0.010000;-0.0020000;-0.0060000;-0.0060000
0.0000;0.0000;0.0000;0.0000;0.0000;0.0000;0.0000;0.0000;0.40000;42.643;42.645;46.077;44.654;42.644;42.644;-0.0040000;-7,35E-15;2,45E-15;2,45E-15;2,45E-15;0.0040000;4,90E-15;-0.0040000;0.0000;0.0000;0.0040000;0.0000;-0.0060000;-0.0060000;-0.010000;-0.0020000;-0.0060000;-0.0060000
0.0000;0.0000;0.0000;0.0000;0.0000;0.0000;0.0000;0.0000;0.50000;42.645;42.647;46.080;44.656;42.646;42.646;-0.0040000;-7,35E-15;2,45E-15;2,45E-15;2,45E-15;0.0040000;4,90E-15;-0.0040000;0.0000;0.0000;0.0040000;0.0000;-0.0060000;-0.0060000;-0.010000;-0.0020000;-0.0060000;-0.0060000
0.0000;0.0000;0.0000;0.0000;0.0000;0.0000;0.0000;0.0000;0.60000;42.647;42.649;46.083;44.659;42.648;42.648;-0.0040000;-7,35E-15;2,45E-15;2,45E-15;2,45E-15;0.0040000;4,90E-15;-0.0040000;0.0000;0.0000;0.0040000;0.0000;-0.0060000;-0.0060000;-0.010000;-0.0020000;-0.0060000;-0.0060000
0.0000;0.0000;0.0000;0.0000;0.0000;0.0000;0.0000;0.0000;0.70000;42.649;42.650;46.086;44.661;42.650;42.649;-0.0040000;-7,35E-15;2,45E-15;2,45E-15;2,45E-15;0.0040000;4,90E-15;-0.0040000;0.0000;0.0000;0.0040000;0.0000;-0.0060000;-0.0060000;-0.010000;-0.0020000;-0.0060000;-0.0060000
0.0000;0.0000;0.0000;0.0000;0.0000;0.0000;0.0000;0.0000;0.80000;42.651;42.652;46.088;44.662;42.651;42.651;-0.0040000;-7,35E-15;2,45E-15;2,45E-15;2,45E-15;0.0040000;4,90E-15;-0.0040000;0.0000;0.0000;0.0040000;0.0000;-0.0060000;-0.0060000;-0.010000;-0.0020000;-0.0060000;-0.0060000
0.0000;0.0000;0.0000;0.0000;0.0000;0.0000;0.0000;0.0000;0.90000;42.652;42.654;46.091;44.664;42.653;42.653;-0.0040000;-7,35E-15;2,45E-15;2,45E-15;2,45E-15;0.0040000;4,90E-15;-0.0040000;0.0000;0.0000;0.0040000;0.0000;-0.0060000;-0.0060000;-0.010000;-0.0020000;-0.0060000;-0.0060000
0.0000;0.0000;0.0000;0.0000;0.0000;0.0000;0.0000;0.0000;10.000;42.654;42.655;46.093;44.666;42.654;42.654;-0.0040000;-7,35E-15;2,45E-15;2,45E-15;2,45E-15;0.0040000;4,90E-15;-0.0040000;0.0000;0.0000;0.0040000;0.0000;-0.0060000;-0.0060000;-0.010000;-0.0020000;-0.0060000;-0.0060000
0.0000;50.000;10.000;15.000;20.000;25.000;30.000;35.000;0.0000;40.003;39.776;39.809;39.483;39.407;39.255;-0.0040000;-7,35E-15;2,45E-15;2,45E-15;2,45E-15;0.0040000;4,90E-15;-0.0040000;0.0000;0.0000;0.0040000;0.0000;-0.0060000;-0.0060000;-0.010000;-0.0020000;-0.0060000;-0.0060000
0.0000;50.000;10.000;15.000;20.000;25.000;30.000;35.000;0.10000;40.003;39.776;39.810;39.484;39.408;39.256;-0.0040000;-7,35E-15;2,45E-15;2,45E-15;2,45E-15;0.0040000;4,90E-15;-0.0040000;0.0000;0.0000;0.0040000;0.0000;-0.0060000;-0.0060000;-0.010000;-0.0020000;-0.0060000;-0.0060000
0.0000;50.000;10.000;15.000;20.000;25.000;30.000;35.000;0.20000;40.004;39.777;39.811;39.485;39.408;39.256;-0.0040000;-7,35E-15;2,45E-15;2,45E-15;2,45E-15;0.0040000;4,90E-15;-0.0040000;0.0000;0.0000;0.0040000;0.0000;-0.0060000;-0.0060000;-0.010000;-0.0020000;-0.0060000;-0.0060000
0.0000;50.000;10.000;15.000;20.000;25.000;30.000;35.000;0.30000;40.005;39.777;39.811;39.485;39.409;39.256;-0.0040000;-7,35E-15;2,45E-15;2,45E-15;2,45E-15;0.0040000;4,90E-15;-0.0040000;0.0000;0.0000;0.0040000;0.0000;-0.0060000;-0.0060000;-0.010000;-0.0020000;-0.0060000;-0.0060000
0.0000;50.000;10.000;15.000;20.000;25.000;30.000;35.000;0.40000;40.006;39.778;39.812;39.486;39.410;39.257;-0.0040000;-7,35E-15;2,45E-15;2,45E-15;2,45E-15;0.0040000;4,90E-15;-0.0040000;0.0000;0.0000;0.0040000;0.0000;-0.0060000;-0.0060000;-0.010000;-0.0020000;-0.0060000;-0.0060000
0.0000;50.000;10.000;15.000;20.000;25.000;30.000;35.000;0.50000;40.007;39.779;39.813;39.486;39.410;39.257;-0.0040000;-7,35E-15;2,45E-15;2,45E-15;2,45E-15;0.0040000;4,90E-15;-0.0040000;0.0000;0.0000;0.0040000;0.0000;-0.0060000;-0.0060000;-0.010000;-0.0020000;-0.0060000;-0.0060000
0.0000;50.000;10.000;15.000;20.000;25.000;30.000;35.000;0.60000;40.007;39.779;39.813;39.487;39.411;39.258;-0.0040000;-7,35E-15;2,45E-15;2,45E-15;2,45E-15;0.0040000;4,90E-15;-0.0040000;0.0000;0.0000;0.0040000;0.0000;-0.0060000;-0.0060000;-0.010000;-0.0020000;-0.0060000;-0.0060000
0.0000;50.000;10.000;15.000;20.000;25.000;30.000;35.000;0.70000;40.008;39.780;39.814;39.487;39.411;39.258;-0.0040000;-7,35E-15;2,45E-15;2,45E-15;2,45E-15;0.0040000;4,90E-15;-0.0040000;0.0000;0.0000;0.0040000;0.0000;-0.0060000;-0.0060000;-0.010000;-0.0020000;-0.0060000;-0.0060000
0.0000;50.000;10.000;15.000;20.000;25.000;30.000;35.000;0.80000;40.009;39.781;39.815;39.488;39.412;39.259;-0.0040000;-7,35E-15;2,45E-15;2,45E-15;2,45E-15;0.0040000;4,90E-15;-0.0040000;0.0000;0.0000;0.0040000;0.0000;-0.0060000;-0.0060000;-0.010000;-0.0020000;-0.0060000;-0.0060000
0.0000;50.000;10.000;15.000;20.000;25.000;30.000;35.000;0.90000;40.010;39.781;39.815;39.488;39.412;39.259;-0.0040000;-7,35E-15;2,45E-15;2,45E-15;2,45E-15;0.0040000;4,90E-15;-0.0040000;0.0000;0.0000;0.0040000;0.0000;-0.0060000;-0.0060000;-0.010000;-0.0020000;-0.0060000;-0.0060000
0.0000;50.000;10.000;15.000;20.000;25.000;30.000;35.000;10.000;40.010;39.782;39.816;39.489;39.413;39.259;-0.0040000;-7,35E-15;2,45E-15;2,45E-15;2,45E-15;0.0040000;4,90E-15;-0.0040000;0.0000;0.0000;0.0040000;0.0000;-0.0060000;-0.0060000;-0.010000;-0.0020000;-0.0060000;-0.0060000
0.0000;10.000;20.000;30.000;40.000;50.000;60.000;70.000;0.0000;37.717;37.693;37.707;37.762;37.914;37.809;-0.0040000;-7,35E-15;2,45E-15;2,45E-15;2,45E-15;0.0040000;4,90E-15;-0.0040000;0.0000;0.0000;0.0040000;0.0000;-0.0060000;-0.0060000;-0.010000;-0.0020000;-0.0060000;-0.0060000
0.0000;10.000;20.000;30.000;40.000;50.000;60.000;70.000;0.10000;37.717;37.693;37.708;37.762;37.914;37.810;-0.0040000;-7,35E-15;2,45E-15;2,45E-15;2,45E-15;0.0040000;4,90E-15;-0.0040000;0.0000;0.0000;0.0040000;0.0000;-0.0060000;-0.0060000;-0.010000;-0.0020000;-0.0060000;-0.0060000
0.0000;10.000;20.000;30.000;40.000;50.000;60.000;70.000;0.20000;37.717;37.694;37.709;37.763;37.915;37.810;-0.0040000;-7,35E-15;2,45E-15;2,45E-15;2,45E-15;0.0040000;4,90E-15;-0.0040000;0.0000;0.0000;0.0040000;0.0000;-0.0060000;-0.0060000;-0.010000;-0.0020000;-0.0060000;-0.0060000
0.0000;10.000;20.000;30.000;40.000;50.000;60.000;70.000;0.30000;37.717;37.694;37.709;37.763;37.915;37.811;-0.0040000;-7,35E-15;2,45E-15;2,45E-15;2,45E-15;0.0040000;4,90E-15;-0.0040000;0.0000;0.0000;0.0040000;0.0000;-0.0060000;-0.0060000;-0.010000;-0.0020000;-0.0060000;-0.0060000
0.0000;10.000;20.000;30.000;40.000;50.000;60.000;70.000;0.40000;37.718;37.694;37.710;37.764;37.916;37.812;-0.0040000;-7,35E-15;2,45E-15;2,45E-15;2,45E-15;0.0040000;4,90E-15;-0.0040000;0.0000;0.0000;0.0040000;0.0000;-0.0060000;-0.0060000;-0.010000;-0.0020000;-0.0060000;-0.0060000
0.0000;10.000;20.000;30.000;40.000;50.000;60.000;70.000;0.50000;37.718;37.695;37.710;37.764;37.917;37.812;-0.0040000;-7,35E-15;2,45E-15;2,45E-15;2,45E-15;0.0040000;4,90E-15;-0.0040000;0.0000;0.0000;0.0040000;0.0000;-0.0060000;-0.0060000;-0.010000;-0.0020000;-0.0060000;-0.0060000
0.0000;10.000;20.000;30.000;40.000;50.000;60.000;70.000;0.60000;37.719;37.695;37.711;37.765;37.918;37.813;-0.0040000;-7,35E-15;2,45E-15;2,45E-15;2,45E-15;0.0040000;4,90E-15;-0.0040000;0.0000;0.0000;0.0040000;0.0000;-0.0060000;-0.0060000;-0.010000;-0.0020000;-0.0060000;-0.0060000
0.0000;10.000;20.000;30.000;40.000;50.000;60.000;70.000;0.70000;37.719;37.696;37.711;37.765;37.919;37.814;-0.0040000;-7,35E-15;2,45E-15;2,45E-15;2,45E-15;0.0040000;4,90E-15;-0.0040000;0.0000;0.0000;0.0040000;0.0000;-0.0060000;-0.0060000;-0.010000;-0.0020000;-0.0060000;-0.0060000
0.0000;10.000;20.000;30.000;40.000;50.000;60.000;70.000;0.80000;37.720;37.696;37.712;37.765;37.920;37.814;-0.0040000;-7,35E-15;2,45E-15;2,45E-15;2,45E-15;0.0040000;4,90E-15;-0.0040000;0.0000;0.0000;0.0040000;0.0000;-0.0060000;-0.0060000;-0.010000;-0.0020000;-0.0060000;-0.0060000
0.0000;10.000;20.000;30.000;40.000;50.000;60.000;70.000;0.90000;37.720;37.697;37.712;37.766;37.920;37.815;-0.0040000;-7,35E-15;2,45E-15;2,45E-15;2,45E-15;0.0040000;4,90E-15;-0.0040000;0.0000;0.0000;0.0040000;0.0000;-0.0060000;-0.0060000;-0.010000;-0.0020000;-0.0060000;-0.0060000
0.0000;10.000;20.000;30.000;40.000;50.000;60.000;70.000;10.000;37.721;37.698;37.713;37.766;37.921;37.816;-0.0040000;-7,35E-15;2,45E-15;2,45E-15;2,45E-15;0.0040000;4,90E-15;-0.0040000;0.0000;0.0000;0.0040000;0.0000;-0.0060000;-0.0060000;-0.010000;-0.0020000;-0.0060000;-0.0060000
0.0000;20.000;40.000;60.000;80.000;100.00;120.00;140.00;0.0000;39.884;40.205;40.884;40.417;40.831;40.650;-0.0040000;-7,35E-15;2,45E-15;2,45E-15;2,45E-15;0.0040000;4,90E-15;-0.0040000;0.0000;0.0000;0.0040000;0.0000;-0.0060000;-0.0060000;-0.010000;-0.0020000;-0.0060000;-0.0060000
0.0000;20.000;40.000;60.000;80.000;100.00;120.00;140.00;0.10000;39.885;40.205;40.885;40.418;40.832;40.651;-0.0040000;-7,35E-15;2,45E-15;2,45E-15;2,45E-15;0.0040000;4,90E-15;-0.0040000;0.0000;0.0000;0.0040000;0.0000;-0.0060000;-0.0060000;-0.010000;-0.0020000;-0.0060000;-0.0060000
0.0000;20.000;40.000;60.000;80.000;100.00;120.00;140.00;0.20000;39.885;40.206;40.887;40.420;40.834;40.651;-0.0040000;-7,35E-15;2,45E-15;2,45E-15;2,45E-15;0.0040000;4,90E-15;-0.0040000;0.0000;0.0000;0.0040000;0.0000;-0.0060000;-0.0060000;-0.010000;-0.0020000;-0.0060000;-0.0060000
0.0000;20.000;40.000;60.000;80.000;100.00;120.00;140.00;0.30000;39.886;40.206;40.888;40.421;40.835;40.652;-0.0040000;-7,35E-15;2,45E-15;2,45E-15;2,45E-15;0.0040000;4,90E-15;-0.0040000;0.0000;0.0000;0.0040000;0.0000;-0.0060000;-0.0060000;-0.010000;-0.0020000;-0.0060000;-0.0060000
0.0000;20.000;40.000;60.000;80.000;100.00;120.00;140.00;0.40000;39.887;40.207;40.889;40.421;40.836;40.653;-0.0040000;-7,35E-15;2,45E-15;2,45E-15;2,45E-15;0.0040000;4,90E-15;-0.0040000;0.0000;0.0000;0.0040000;0.0000;-0.0060000;-0.0060000;-0.010000;-0.0020000;-0.0060000;-0.0060000
0.0000;20.000;40.000;60.000;80.000;100.00;120.00;140.00;0.50000;39.887;40.208;40.890;40.422;40.837;40.654;-0.0040000;-7,35E-15;2,45E-15;2,45E-15;2,45E-15;0.0040000;4,90E-15;-0.0040000;0.0000;0.0000;0.0040000;0.0000;-0.0060000;-0.0060000;-0.010000;-0.0020000;-0.0060000;-0.0060000
0.0000;20.000;40.000;60.000;80.000;100.00;120.00;140.00;0.60000;39.888;40.209;40.891;40.423;40.838;40.655;-0.0040000;-7,35E-15;2,45E-15;2,45E-15;2,45E-15;0.0040000;4,90E-15;-0.0040000;0.0000;0.0000;0.0040000;0.0000;-0.0060000;-0.0060000;-0.010000;-0.0020000;-0.0060000;-0.0060000
0.0000;20.000;40.000;60.000;80.000;100.00;120.00;140.00;0.70000;39.889;40.210;40.892;40.424;40.839;40.656;-0.0040000;-7,35E-15;2,45E-15;2,45E-15;2,45E-15;0.0040000;4,90E-15;-0.0040000;0.0000;0.0000;0.0040000;0.0000;-0.0060000;-0.0060000;-0.010000;-0.0020000;-0.0060000;-0.0060000
0.0000;20.000;40.000;60.000;80.000;100.00;120.00;140.00;0.80000;39.889;40.210;40.893;40.425;40.840;40.657;-0.0040000;-7,35E-15;2,45E-15;2,45E-15;2,45E-15;0.0040000;4,90E-15;-0.0040000;0.0000;0.0000;0.0040000;0.0000;-0.0060000;-0.0060000;-0.010000;-0.0020000;-0.0060000;-0.0060000
0.0000;20.000;40.000;60.000;80.000;100.00;120.00;140.00;0.90000;39.890;40.211;40.894;40.425;40.841;40.658;-0.0040000;-7,35E-15;2,45E-15;2,45E-15;2,45E-15;0.0040000;4,90E-15;-0.0040000;0.0000;0.0000;0.0040000;0.0000;-0.0060000;-0.0060000;-0.010000;-0.0020000;-0.0060000;-0.0060000
0.0000;20.000;40.000;60.000;80.000;100.00;120.00;140.00;10.000;39.891;40.212;40.895;40.426;40.842;40.659;-0.0040000;-7,35E-15;2,45E-15;2,45E-15;2,45E-15;0.0040000;4,90E-15;-0.0040000;0.0000;0.0000;0.0040000;0.0000;-0.0060000;-0.0060000;-0.010000;-0.0020000;-0.0060000;-0.0060000
0.0000;20.000;30.000;40.000;50.000;60.000;70.000;80.000;0.0000;38.127;37.940;38.052;38.031;38.147;37.780;-0.0040000;-7,35E-15;2,45E-15;2,45E-15;2,45E-15;0.0040000;4,90E-15;-0.0040000;0.0000;0.0000;0.0040000;0.0000;-0.0060000;-0.0060000;-0.010000;-0.0020000;-0.0060000;-0.0060000
0.0000;20.000;30.000;40.000;50.000;60.000;70.000;80.000;0.10000;38.127;37.942;38.055;38.033;38.148;37.781;-0.0040000;-7,35E-15;2,45E-15;2,45E-15;2,45E-15;0.0040000;4,90E-15;-0.0040000;0.0000;0.0000;0.0040000;0.0000;-0.0060000;-0.0060000;-0.010000;-0.0020000;-0.0060000;-0.0060000
0.0000;20.000;30.000;40.000;50.000;60.000;70.000;80.000;0.20000;38.128;37.943;38.056;38.034;38.149;37.781;-0.0040000;-7,35E-15;2,45E-15;2,45E-15;2,45E-15;0.0040000;4,90E-15;-0.0040000;0.0000;0.0000;0.0040000;0.0000;-0.0060000;-0.0060000;-0.010000;-0.0020000;-0.0060000;-0.0060000
0.0000;20.000;30.000;40.000;50.000;60.000;70.000;80.000;0.30000;38.129;37.944;38.058;38.035;38.150;37.782;-0.0040000;-7,35E-15;2,45E-15;2,45E-15;2,45E-15;0.0040000;4,90E-15;-0.0040000;0.0000;0.0000;0.0040000;0.0000;-0.0060000;-0.0060000;-0.010000;-0.0020000;-0.0060000;-0.0060000
0.0000;20.000;30.000;40.000;50.000;60.000;70.000;80.000;0.40000;38.130;37.945;38.059;38.036;38.151;37.783;-0.0040000;-7,35E-15;2,45E-15;2,45E-15;2,45E-15;0.0040000;4,90E-15;-0.0040000;0.0000;0.0000;0.0040000;0.0000;-0.0060000;-0.0060000;-0.010000;-0.0020000;-0.0060000;-0.0060000
0.0000;20.000;30.000;40.000;50.000;60.000;70.000;80.000;0.50000;38.132;37.946;38.060;38.037;38.153;37.783;-0.0040000;-7,35E-15;2,45E-15;2,45E-15;2,45E-15;0.0040000;4,90E-15;-0.0040000;0.0000;0.0000;0.0040000;0.0000;-0.0060000;-0.0060000;-0.010000;-0.0020000;-0.0060000;-0.0060000
0.0000;20.000;30.000;40.000;50.000;60.000;70.000;80.000;0.60000;38.133;37.947;38.061;38.038;38.154;37.784;-0.0040000;-7,35E-15;2,45E-15;2,45E-15;2,45E-15;0.0040000;4,90E-15;-0.0040000;0.0000;0.0000;0.0040000;0.0000;-0.0060000;-0.0060000;-0.010000;-0.0020000;-0.0060000;-0.0060000
0.0000;20.000;30.000;40.000;50.000;60.000;70.000;80.000;0.70000;38.134;37.948;38.063;38.039;38.155;37.785;-0.0040000;-7,35E-15;2,45E-15;2,45E-15;2,45E-15;0.0040000;4,90E-15;-0.0040000;0.0000;0.0000;0.0040000;0.0000;-0.0060000;-0.0060000;-0.010000;-0.0020000;-0.0060000;-0.0060000
0.0000;20.000;30.000;40.000;50.000;60.000;70.000;80.000;0.80000;38.135;37.949;38.064;38.040;38.157;37.785;-0.0040000;-7,35E-15;2,45E-15;2,45E-15;2,45E-15;0.0040000;4,90E-15;-0.0040000;0.0000;0.0000;0.0040000;0.0000;-0.0060000;-0.0060000;-0.010000;-0.0020000;-0.0060000;-0.0060000
0.0000;20.000;30.000;40.000;50.000;60.000;70.000;80.000;0.90000;38.136;37.950;38.065;38.041;38.158;37.786;-0.0040000;-7,35E-15;2,45E-15;2,45E-15;2,45E-15;0.0040000;4,90E-15;-0.0040000;0.0000;0.0000;0.0040000;0.0000;-0.0060000;-0.0060000;-0.010000;-0.0020000;-0.0060000;-0.0060000
0.0000;20.000;30.000;40.000;50.000;60.000;70.000;80.000;10.000;38.138;37.951;38.066;38.042;38.159;37.787;-0.0040000;-7,35E-15;2,45E-15;2,45E-15;2,45E-15;0.0040000;4,90E-15;-0.0040000;0.0000;0.0000;0.0040000;0.0000;-0.0060000;-0.0060000;-0.010000;-0.0020000;-0.0060000;-0.0060000
0.0000;30.000;40.000;50.000;60.000;70.000;80.000;90.000;0.0000;37.610;37.699;37.647;37.715;37.793;37.875;-0.0040000;-7,35E-15;2,45E-15;2,45E-15;2,45E-15;0.0040000;4,90E-15;-0.0040000;0.0000;0.0000;0.0040000;0.0000;-0.0060000;-0.0060000;-0.010000;-0.0020000;-0.0060000;-0.0060000
0.0000;30.000;40.000;50.000;60.000;70.000;80.000;90.000;0.10000;37.610;37.700;37.647;37.715;37.793;37.875;-0.0040000;-7,35E-15;2,45E-15;2,45E-15;2,45E-15;0.0040000;4,90E-15;-0.0040000;0.0000;0.0000;0.0040000;0.0000;-0.0060000;-0.0060000;-0.010000;-0.0020000;-0.0060000;-0.0060000
0.0000;30.000;40.000;50.000;60.000;70.000;80.000;90.000;0.20000;37.610;37.700;37.648;37.715;37.794;37.876;-0.0040000;-7,35E-15;2,45E-15;2,45E-15;2,45E-15;0.0040000;4,90E-15;-0.0040000;0.0000;0.0000;0.0040000;0.0000;-0.0060000;-0.0060000;-0.010000;-0.0020000;-0.0060000;-0.0060000
0.0000;30.000;40.000;50.000;60.000;70.000;80.000;90.000;0.30000;37.610;37.701;37.648;37.716;37.794;37.876;-0.0040000;-7,35E-15;2,45E-15;2,45E-15;2,45E-15;0.0040000;4,90E-15;-0.0040000;0.0000;0.0000;0.0040000;0.0000;-0.0060000;-0.0060000;-0.010000;-0.0020000;-0.0060000;-0.0060000
0.0000;30.000;40.000;50.000;60.000;70.000;80.000;90.000;0.40000;37.611;37.701;37.648;37.716;37.795;37.877;-0.0040000;-7,35E-15;2,45E-15;2,45E-15;2,45E-15;0.0040000;4,90E-15;-0.0040000;0.0000;0.0000;0.0040000;0.0000;-0.0060000;-0.0060000;-0.010000;-0.0020000;-0.0060000;-0.0060000
0.0000;30.000;40.000;50.000;60.000;70.000;80.000;90.000;0.50000;37.611;37.702;37.649;37.716;37.795;37.878;-0.0040000;-7,35E-15;2,45E-15;2,45E-15;2,45E-15;0.0040000;4,90E-15;-0.0040000;0.0000;0.0000;0.0040000;0.0000;-0.0060000;-0.0060000;-0.010000;-0.0020000;-0.0060000;-0.0060000
0.0000;30.000;40.000;50.000;60.000;70.000;80.000;90.000;0.60000;37.611;37.702;37.649;37.717;37.796;37.879;-0.0040000;-7,35E-15;2,45E-15;2,45E-15;2,45E-15;0.0040000;4,90E-15;-0.0040000;0.0000;0.0000;0.0040000;0.0000;-0.0060000;-0.0060000;-0.010000;-0.0020000;-0.0060000;-0.0060000
0.0000;30.000;40.000;50.000;60.000;70.000;80.000;90.000;0.70000;37.612;37.703;37.649;37.717;37.796;37.879;-0.0040000;-7,35E-15;2,45E-15;2,45E-15;2,45E-15;0.0040000;4,90E-15;-0.0040000;0.0000;0.0000;0.0040000;0.0000;-0.0060000;-0.0060000;-0.010000;-0.0020000;-0.0060000;-0.0060000
0.0000;30.000;40.000;50.000;60.000;70.000;80.000;90.000;0.80000;37.612;37.703;37.650;37.717;37.797;37.880;-0.0040000;-7,35E-15;2,45E-15;2,45E-15;2,45E-15;0.0040000;4,90E-15;-0.0040000;0.0000;0.0000;0.0040000;0.0000;-0.0060000;-0.0060000;-0.010000;-0.0020000;-0.0060000;-0.0060000
0.0000;30.000;40.000;50.000;60.000;70.000;80.000;90.000;0.90000;37.613;37.704;37.650;37.718;37.798;37.881;-0.0040000;-7,35E-15;2,45E-15;2,45E-15;2,45E-15;0.0040000;4,90E-15;-0.0040000;0.0000;0.0000;0.0040000;0.0000;-0.0060000;-0.0060000;-0.010000;-0.0020000;-0.0060000;-0.0060000
0.0000;30.000;40.000;50.000;60.000;70.000;80.000;90.000;10.000;37.613;37.704;37.651;37.718;37.798;37.882;-0.0040000;-7,35E-15;2,45E-15;2,45E-15;2,45E-15;0.0040000;4,90E-15;-0.0040000;0.0000;0.0000;0.0040000;0.0000;-0.0060000;-0.0060000;-0.010000;-0.0020000;-0.0060000;-0.0060000
0.0000;40.000;50.000;60.000;70.000;80.000;90.000;100.00;0.0000;38.067;37.856;37.982;37.976;38.153;37.745;-0.0040000;-7,35E-15;2,45E-15;2,45E-15;2,45E-15;0.0040000;4,90E-15;-0.0040000;0.0000;0.0000;0.0040000;0.0000;-0.0060000;-0.0060000;-0.010000;-0.0020000;-0.0060000;-0.0060000
0.0000;40.000;50.000;60.000;70.000;80.000;90.000;100.00;0.10000;38.067;37.857;37.984;37.978;38.154;37.746;-0.0040000;-7,35E-15;2,45E-15;2,45E-15;2,45E-15;0.0040000;4,90E-15;-0.0040000;0.0000;0.0000;0.0040000;0.0000;-0.0060000;-0.0060000;-0.010000;-0.0020000;-0.0060000;-0.0060000
0.0000;40.000;50.000;60.000;70.000;80.000;90.000;100.00;0.20000;38.068;37.858;37.986;37.979;38.156;37.746;-0.0040000;-7,35E-15;2,45E-15;2,45E-15;2,45E-15;0.0040000;4,90E-15;-0.0040000;0.0000;0.0000;0.0040000;0.0000;-0.0060000;-0.0060000;-0.010000;-0.0020000;-0.0060000;-0.0060000
0.0000;40.000;50.000;60.000;70.000;80.000;90.000;100.00;0.30000;38.069;37.859;37.987;37.980;38.157;37.747;-0.0040000;-7,35E-15;2,45E-15;2,45E-15;2,45E-15;0.0040000;4,90E-15;-0.0040000;0.0000;0.0000;0.0040000;0.0000;-0.0060000;-0.0060000;-0.010000;-0.0020000;-0.0060000;-0.0060000
0.0000;40.000;50.000;60.000;70.000;80.000;90.000;100.00;0.40000;38.070;37.860;37.988;37.981;38.158;37.747;-0.0040000;-7,35E-15;2,45E-15;2,45E-15;2,45E-15;0.0040000;4,90E-15;-0.0040000;0.0000;0.0000;0.0040000;0.0000;-0.0060000;-0.0060000;-0.010000;-0.0020000;-0.0060000;-0.0060000
0.0000;40.000;50.000;60.000;70.000;80.000;90.000;100.00;0.50000;38.071;37.861;37.989;37.982;38.159;37.748;-0.0040000;-7,35E-15;2,45E-15;2,45E-15;2,45E-15;0.0040000;4,90E-15;-0.0040000;0.0000;0.0000;0.0040000;0.0000;-0.0060000;-0.0060000;-0.010000;-0.0020000;-0.0060000;-0.0060000
0.0000;40.000;50.000;60.000;70.000;80.000;90.000;100.00;0.60000;38.072;37.861;37.990;37.983;38.161;37.749;-0.0040000;-7,35E-15;2,45E-15;2,45E-15;2,45E-15;0.0040000;4,90E-15;-0.0040000;0.0000;0.0000;0.0040000;0.0000;-0.0060000;-0.0060000;-0.010000;-0.0020000;-0.0060000;-0.0060000
0.0000;40.000;50.000;60.000;70.000;80.000;90.000;100.00;0.70000;38.073;37.862;37.991;37.983;38.162;37.749;-0.0040000;-7,35E-15;2,45E-15;2,45E-15;2,45E-15;0.0040000;4,90E-15;-0.0040000;0.0000;0.0000;0.0040000;0.0000;-0.0060000;-0.0060000;-0.010000;-0.0020000;-0.0060000;-0.0060000
0.0000;40.000;50.000;60.000;70.000;80.000;90.000;100.00;0.80000;38.075;37.863;37.992;37.984;38.163;37.750;-0.0040000;-7,35E-15;2,45E-15;2,45E-15;2,45E-15;0.0040000;4,90E-15;-0.0040000;0.0000;0.0000;0.0040000;0.0000;-0.0060000;-0.0060000;-0.010000;-0.0020000;-0.0060000;-0.0060000
0.0000;40.000;50.000;60.000;70.000;80.000;90.000;100.00;0.90000;38.076;37.864;37.993;37.985;38.165;37.751;-0.0040000;-7,35E-15;2,45E-15;2,45E-15;2,45E-15;0.0040000;4,90E-15;-0.0040000;0.0000;0.0000;0.0040000;0.0000;-0.0060000;-0.0060000;-0.010000;-0.0020000;-0.0060000;-0.0060000
0.0000;40.000;50.000;60.000;70.000;80.000;90.000;100.00;10.000;38.077;37.865;37.994;37.986;38.166;37.751;-0.0040000;-7,35E-15;2,45E-15;2,45E-15;2,45E-15;0.0040000;4,90E-15;-0.0040000;0.0000;0.0000;0.0040000;0.0000;-0.0060000;-0.0060000;-0.010000;-0.0020000;-0.0060000;-0.0060000
0.0000;-40.000;-50.000;60.000;70.000;80.000;90.000;100.00;0.0000;37.886;37.806;38.027;37.989;38.196;37.906;-0.0040000;-7,35E-15;2,45E-15;2,45E-15;2,45E-15;0.0040000;4,90E-15;-0.0040000;0.0000;0.0000;0.0040000;0.0000;-0.0060000;-0.0060000;-0.010000;-0.0020000;-0.0060000;-0.0060000
0.0000;-40.000;-50.000;60.000;70.000;80.000;90.000;100.00;0.10000;37.887;37.807;38.029;37.991;38.197;37.906;-0.0040000;-7,35E-15;2,45E-15;2,45E-15;2,45E-15;0.0040000;4,90E-15;-0.0040000;0.0000;0.0000;0.0040000;0.0000;-0.0060000;-0.0060000;-0.010000;-0.0020000;-0.0060000;-0.0060000
0.0000;-40.000;-50.000;60.000;70.000;80.000;90.000;100.00;0.20000;37.887;37.809;38.031;37.993;38.198;37.907;-0.0040000;-7,35E-15;2,45E-15;2,45E-15;2,45E-15;0.0040000;4,90E-15;-0.0040000;0.0000;0.0000;0.0040000;0.0000;-0.0060000;-0.0060000;-0.010000;-0.0020000;-0.0060000;-0.0060000
0.0000;-40.000;-50.000;60.000;70.000;80.000;90.000;100.00;0.30000;37.888;37.810;38.033;37.994;38.200;37.908;-0.0040000;-7,35E-15;2,45E-15;2,45E-15;2,45E-15;0.0040000;4,90E-15;-0.0040000;0.0000;0.0000;0.0040000;0.0000;-0.0060000;-0.0060000;-0.010000;-0.0020000;-0.0060000;-0.0060000
0.0000;-40.000;-50.000;60.000;70.000;80.000;90.000;100.00;0.40000;37.889;37.810;38.034;37.995;38.201;37.909;-0.0040000;-7,35E-15;2,45E-15;2,45E-15;2,45E-15;0.0040000;4,90E-15;-0.0040000;0.0000;0.0000;0.0040000;0.0000;-0.0060000;-0.0060000;-0.010000;-0.0020000;-0.0060000;-0.0060000
0.0000;-40.000;-50.000;60.000;70.000;80.000;90.000;100.00;0.50000;37.889;37.811;38.035;37.996;38.203;37.910;-0.0040000;-7,35E-15;2,45E-15;2,45E-15;2,45E-15;0.0040000;4,90E-15;-0.0040000;0.0000;0.0000;0.0040000;0.0000;-0.0060000;-0.0060000;-0.010000;-0.0020000;-0.0060000;-0.0060000
0.0000;-40.000;-50.000;60.000;70.000;80.000;90.000;100.00;0.60000;37.890;37.812;38.037;37.997;38.204;37.911;-0.0040000;-7,35E-15;2,45E-15;2,45E-15;2,45E-15;0.0040000;4,90E-15;-0.0040000;0.0000;0.0000;0.0040000;0.0000;-0.0060000;-0.0060000;-0.010000;-0.0020000;-0.0060000;-0.0060000
0.0000;-40.000;-50.000;60.000;70.000;80.000;90.000;100.00;0.70000;37.891;37.813;38.038;37.998;38.206;37.912;-0.0040000;-7,35E-15;2,45E-15;2,45E-15;2,45E-15;0.0040000;4,90E-15;-0.0040000;0.0000;0.0000;0.0040000;0.0000;-0.0060000;-0.0060000;-0.010000;-0.0020000;-0.0060000;-0.0060000
0.0000;-40.000;-50.000;60.000;70.000;80.000;90.000;100.00;0.80000;37.892;37.814;38.039;37.999;38.207;37.913;-0.0040000;-7,35E-15;2,45E-15;2,45E-15;2,45E-15;0.0040000;4,90E-15;-0.0040000;0.0000;0.0000;0.0040000;0.0000;-0.0060000;-0.0060000;-0.010000;-0.0020000;-0.0060000;-0.0060000
0.0000;-40.000;-50.000;60.000;70.000;80.000;90.000;100.00;0.90000;37.893;37.815;38.040;37.999;38.209;37.914;-0.0040000;-7,35E-15;2,45E-15;2,45E-15;2,45E-15;0.0040000;4,90E-15;-0.0040000;0.0000;0.0000;0.0040000;0.0000;-0.0060000;-0.0060000;-0.010000;-0.0020000;-0.0060000;-0.0060000
0.0000;-40.000;-50.000;60.000;70.000;80.000;90.000;100.00;10.000;37.894;37.815;38.041;38.000;38.210;37.915;-0.0040000;-7,35E-15;2,45E-15;2,45E-15;2,45E-15;0.0040000;4,90E-15;-0.0040000;0.0000;0.0000;0.0040000;0.0000;-0.0060000;-0.0060000;-0.010000;-0.0020000;-0.0060000;-0.0060000
90.000;100.00;0.0000;-40.000;-50.000;60.000;70.000;80.000;0.0000;37.806;37.906;38.027;37.989;37.886;38.196;-0.0040000;-7,35E-15;2,45E-15;2,45E-15;2,45E-15;0.0040000;4,90E-15;-0.0040000;0.0000;0.0000;0.0040000;0.0000;-0.0060000;-0.0060000;-0.010000;-0.0020000;-0.0060000;-0.0060000
90.000;100.00;0.0000;-40.000;-50.000;60.000;70.000;80.000;0.10000;37.807;37.906;38.029;37.991;37.887;38.197;-0.0040000;-7,35E-15;2,45E-15;2,45E-15;2,45E-15;0.0040000;4,90E-15;-0.0040000;0.0000;0.0000;0.0040000;0.0000;-0.0060000;-0.0060000;-0.010000;-0.0020000;-0.0060000;-0.0060000
90.000;100.00;0.0000;-40.000;-50.000;60.000;70.000;80.000;0.20000;37.808;37.907;38.031;37.993;37.887;38.198;-0.0040000;-7,35E-15;2,45E-15;2,45E-15;2,45E-15;0.0040000;4,90E-15;-0.0040000;0.0000;0.0000;0.0040000;0.0000;-0.0060000;-0.0060000;-0.010000;-0.0020000;-0.0060000;-0.0060000
90.000;100.00;0.0000;-40.000;-50.000;60.000;70.000;80.000;0.30000;37.809;37.908;38.033;37.994;37.888;38.200;-0.0040000;-7,35E-15;2,45E-15;2,45E-15;2,45E-15;0.0040000;4,90E-15;-0.0040000;0.0000;0.0000;0.0040000;0.0000;-0.0060000;-0.0060000;-0.010000;-0.0020000;-0.0060000;-0.0060000
90.000;100.00;0.0000;-40.000;-50.000;60.000;70.000;80.000;0.40000;37.810;37.909;38.034;37.995;37.889;38.201;-0.0040000;-7,35E-15;2,45E-15;2,45E-15;2,45E-15;0.0040000;4,90E-15;-0.0040000;0.0000;0.0000;0.0040000;0.0000;-0.0060000;-0.0060000;-0.010000;-0.0020000;-0.0060000;-0.0060000
90.000;100.00;0.0000;-40.000;-50.000;60.000;70.000;80.000;0.50000;37.811;37.910;38.035;37.996;37.890;38.203;-0.0040000;-7,35E-15;2,45E-15;2,45E-15;2,45E-15;0.0040000;4,90E-15;-0.0040000;0.0000;0.0000;0.0040000;0.0000;-0.0060000;-0.0060000;-0.010000;-0.0020000;-0.0060000;-0.0060000
90.000;100.00;0.0000;-40.000;-50.000;60.000;70.000;80.000;0.60000;37.812;37.911;38.037;37.997;37.890;38.204;-0.0040000;-7,35E-15;2,45E-15;2,45E-15;2,45E-15;0.0040000;4,90E-15;-0.0040000;0.0000;0.0000;0.0040000;0.0000;-0.0060000;-0.0060000;-0.010000;-0.0020000;-0.0060000;-0.0060000
90.000;100.00;0.0000;-40.000;-50.000;60.000;70.000;80.000;0.70000;37.813;37.912;38.038;37.998;37.891;38.206;-0.0040000;-7,35E-15;2,45E-15;2,45E-15;2,45E-15;0.0040000;4,90E-15;-0.0040000;0.0000;0.0000;0.0040000;0.0000;-0.0060000;-0.0060000;-0.010000;-0.0020000;-0.0060000;-0.0060000
90.000;100.00;0.0000;-40.000;-50.000;60.000;70.000;80.000;0.80000;37.814;37.913;38.039;37.999;37.892;38.207;-0.0040000;-7,35E-15;2,45E-15;2,45E-15;2,45E-15;0.0040000;4,90E-15;-0.0040000;0.0000;0.0000;0.0040000;0.0000;-0.0060000;-0.0060000;-0.010000;-0.0020000;-0.0060000;-0.0060000
90.000;100.00;0.0000;-40.000;-50.000;60.000;70.000;80.000;0.90000;37.815;37.914;38.040;37.999;37.893;38.209;-0.0040000;-7,35E-15;2,45E-15;2,45E-15;2,45E-15;0.0040000;4,90E-15;-0.0040000;0.0000;0.0000;0.0040000;0.0000;-0.0060000;-0.0060000;-0.010000;-0.0020000;-0.0060000;-0.0060000
90.000;100.00;0.0000;-40.000;-50.000;60.000;70.000;80.000;10.000;37.815;37.915;38.041;38.000;37.894;38.210;-0.0040000;-7,35E-15;2,45E-15;2,45E-15;2,45E-15;0.0040000;4,90E-15;-0.0040000;0.0000;0.0000;0.0040000;0.0000;-0.0060000;-0.0060000;-0.010000;-0.0020000;-0.0060000;-0.0060000
70.000;80.000;90.000;100.00;0.0000;-40.000;-50.000;60.000;0.0000;37.906;38.196;38.027;37.989;37.806;37.886;-0.0040000;-7,35E-15;2,45E-15;2,45E-15;2,45E-15;0.0040000;4,90E-15;-0.0040000;0.0000;0.0000;0.0040000;0.0000;-0.0060000;-0.0060000;-0.010000;-0.0020000;-0.0060000;-0.0060000
70.000;80.000;90.000;100.00;0.0000;-40.000;-50.000;60.000;0.10000;37.906;38.197;38.029;37.991;37.807;37.887;-0.0040000;-7,35E-15;2,45E-15;2,45E-15;2,45E-15;0.0040000;4,90E-15;-0.0040000;0.0000;0.0000;0.0040000;0.0000;-0.0060000;-0.0060000;-0.010000;-0.0020000;-0.0060000;-0.0060000
70.000;80.000;90.000;100.00;0.0000;-40.000;-50.000;60.000;0.20000;37.907;38.199;38.031;37.992;37.808;37.887;-0.0040000;-7,35E-15;2,45E-15;2,45E-15;2,45E-15;0.0040000;4,90E-15;-0.0040000;0.0000;0.0000;0.0040000;0.0000;-0.0060000;-0.0060000;-0.010000;-0.0020000;-0.0060000;-0.0060000
70.000;80.000;90.000;100.00;0.0000;-40.000;-50.000;60.000;0.30000;37.908;38.200;38.033;37.994;37.809;37.888;-0.0040000;-7,35E-15;2,45E-15;2,45E-15;2,45E-15;0.0040000;4,90E-15;-0.0040000;0.0000;0.0000;0.0040000;0.0000;-0.0060000;-0.0060000;-0.010000;-0.0020000;-0.0060000;-0.0060000
70.000;80.000;90.000;100.00;0.0000;-40.000;-50.000;60.000;0.40000;37.909;38.201;38.034;37.995;37.810;37.889;-0.0040000;-7,35E-15;2,45E-15;2,45E-15;2,45E-15;0.0040000;4,90E-15;-0.0040000;0.0000;0.0000;0.0040000;0.0000;-0.0060000;-0.0060000;-0.010000;-0.0020000;-0.0060000;-0.0060000
70.000;80.000;90.000;100.00;0.0000;-40.000;-50.000;60.000;0.50000;37.910;38.203;38.035;37.996;37.811;37.889;-0.0040000;-7,35E-15;2,45E-15;2,45E-15;2,45E-15;0.0040000;4,90E-15;-0.0040000;0.0000;0.0000;0.0040000;0.0000;-0.0060000;-0.0060000;-0.010000;-0.0020000;-0.0060000;-0.0060000
70.000;80.000;90.000;100.00;0.0000;-40.000;-50.000;60.000;0.60000;37.911;38.204;38.037;37.997;37.812;37.890;-0.0040000;-7,35E-15;2,45E-15;2,45E-15;2,45E-15;0.0040000;4,90E-15;-0.0040000;0.0000;0.0000;0.0040000;0.0000;-0.0060000;-0.0060000;-0.010000;-0.0020000;-0.0060000;-0.0060000
70.000;80.000;90.000;100.00;0.0000;-40.000;-50.000;60.000;0.70000;37.912;38.206;38.038;37.997;37.813;37.891;-0.0040000;-7,35E-15;2,45E-15;2,45E-15;2,45E-15;0.0040000;4,90E-15;-0.0040000;0.0000;0.0000;0.0040000;0.0000;-0.0060000;-0.0060000;-0.010000;-0.0020000;-0.0060000;-0.0060000
70.000;80.000;90.000;100.00;0.0000;-40.000;-50.000;60.000;0.80000;37.913;38.207;38.039;37.998;37.814;37.892;-0.0040000;-7,35E-15;2,45E-15;2,45E-15;2,45E-15;0.0040000;4,90E-15;-0.0040000;0.0000;0.0000;0.0040000;0.0000;-0.0060000;-0.0060000;-0.010000;-0.0020000;-0.0060000;-0.0060000
70.000;80.000;90.000;100.00;0.0000;-40.000;-50.000;60.000;0.90000;37.914;38.209;38.040;37.999;37.815;37.893;-0.0040000;-7,35E-15;2,45E-15;2,45E-15;2,45E-15;0.0040000;4,90E-15;-0.0040000;0.0000;0.0000;0.0040000;0.0000;-0.0060000;-0.0060000;-0.010000;-0.0020000;-0.0060000;-0.0060000
70.000;80.000;90.000;100.00;0.0000;-40.000;-50.000;60.000;10.000;37.915;38.210;38.041;38.000;37.815;37.893;-0.0040000;-7,35E-15;2,45E-15;2,45E-15;2,45E-15;0.0040000;4,90E-15;-0.0040000;0.0000;0.0000;0.0040000;0.0000;-0.0060000;-0.0060000;-0.010000;-0.0020000;-0.0060000;-0.0060000
-50.000;60.000;70.000;80.000;90.000;100.00;0.0000;-40.000;0.0000;38.197;37.887;38.028;37.989;37.906;37.806;-0.0040000;-7,35E-15;2,45E-15;2,45E-15;2,45E-15;0.0040000;4,90E-15;-0.0040000;0.0000;0.0000;0.0040000;0.0000;-0.0060000;-0.0060000;-0.010000;-0.0020000;-0.0060000;-0.0060000
-50.000;60.000;70.000;80.000;90.000;100.00;0.0000;-40.000;0.10000;38.198;37.887;38.030;37.991;37.907;37.808;-0.0040000;-7,35E-15;2,45E-15;2,45E-15;2,45E-15;0.0040000;4,90E-15;-0.0040000;0.0000;0.0000;0.0040000;0.0000;-0.0060000;-0.0060000;-0.010000;-0.0020000;-0.0060000;-0.0060000
-50.000;60.000;70.000;80.000;90.000;100.00;0.0000;-40.000;0.20000;38.199;37.888;38.032;37.993;37.907;37.809;-0.0040000;-7,35E-15;2,45E-15;2,45E-15;2,45E-15;0.0040000;4,90E-15;-0.0040000;0.0000;0.0000;0.0040000;0.0000;-0.0060000;-0.0060000;-0.010000;-0.0020000;-0.0060000;-0.0060000
-50.000;60.000;70.000;80.000;90.000;100.00;0.0000;-40.000;0.30000;38.201;37.888;38.033;37.994;37.909;37.810;-0.0040000;-7,35E-15;2,45E-15;2,45E-15;2,45E-15;0.0040000;4,90E-15;-0.0040000;0.0000;0.0000;0.0040000;0.0000;-0.0060000;-0.0060000;-0.010000;-0.0020000;-0.0060000;-0.0060000
-50.000;60.000;70.000;80.000;90.000;100.00;0.0000;-40.000;0.40000;38.202;37.889;38.035;37.995;37.910;37.811;-0.0040000;-7,35E-15;2,45E-15;2,45E-15;2,45E-15;0.0040000;4,90E-15;-0.0040000;0.0000;0.0000;0.0040000;0.0000;-0.0060000;-0.0060000;-0.010000;-0.0020000;-0.0060000;-0.0060000
-50.000;60.000;70.000;80.000;90.000;100.00;0.0000;-40.000;0.50000;38.204;37.890;38.036;37.996;37.911;37.812;-0.0040000;-7,35E-15;2,45E-15;2,45E-15;2,45E-15;0.0040000;4,90E-15;-0.0040000;0.0000;0.0000;0.0040000;0.0000;-0.0060000;-0.0060000;-0.010000;-0.0020000;-0.0060000;-0.0060000
-50.000;60.000;70.000;80.000;90.000;100.00;0.0000;-40.000;0.60000;38.205;37.891;38.037;37.997;37.912;37.812;-0.0040000;-7,35E-15;2,45E-15;2,45E-15;2,45E-15;0.0040000;4,90E-15;-0.0040000;0.0000;0.0000;0.0040000;0.0000;-0.0060000;-0.0060000;-0.010000;-0.0020000;-0.0060000;-0.0060000
-50.000;60.000;70.000;80.000;90.000;100.00;0.0000;-40.000;0.70000;38.206;37.891;38.038;37.998;37.913;37.813;-0.0040000;-7,35E-15;2,45E-15;2,45E-15;2,45E-15;0.0040000;4,90E-15;-0.0040000;0.0000;0.0000;0.0040000;0.0000;-0.0060000;-0.0060000;-0.010000;-0.0020000;-0.0060000;-0.0060000
-50.000;60.000;70.000;80.000;90.000;100.00;0.0000;-40.000;0.80000;38.208;37.892;38.039;37.999;37.914;37.814;-0.0040000;-7,35E-15;2,45E-15;2,45E-15;2,45E-15;0.0040000;4,90E-15;-0.0040000;0.0000;0.0000;0.0040000;0.0000;-0.0060000;-0.0060000;-0.010000;-0.0020000;-0.0060000;-0.0060000
-50.000;60.000;70.000;80.000;90.000;100.00;0.0000;-40.000;0.90000;38.209;37.893;38.040;38.000;37.915;37.815;-0.0040000;-7,35E-15;2,45E-15;2,45E-15;2,45E-15;0.0040000;4,90E-15;-0.0040000;0.0000;0.0000;0.0040000;0.0000;-0.0060000;-0.0060000;-0.010000;-0.0020000;-0.0060000;-0.0060000
-50.000;60.000;70.000;80.000;90.000;100.00;0.0000;-40.000;10.000;38.211;37.894;38.041;38.000;37.916;37.816;-0.0040000;-7,35E-15;2,45E-15;2,45E-15;2,45E-15;0.0040000;4,90E-15;-0.0040000;0.0000;0.0000;0.0040000;0.0000;-0.0060000;-0.0060000;-0.010000;-0.0020000;-0.0060000;-0.0060000
0.0000;-60.000;-50.000;60.000;70.000;80.000;90.000;100.00;0.0000;37.910;37.697;37.828;37.834;38.006;37.701;-0.0040000;-7,35E-15;2,45E-15;2,45E-15;2,45E-15;0.0040000;4,90E-15;-0.0040000;0.0000;0.0000;0.0040000;0.0000;-0.0060000;-0.0060000;-0.010000;-0.0020000;-0.0060000;-0.0060000
0.0000;-60.000;-50.000;60.000;70.000;80.000;90.000;100.00;0.10000;37.910;37.698;37.829;37.836;38.006;37.702;-0.0040000;-7,35E-15;2,45E-15;2,45E-15;2,45E-15;0.0040000;4,90E-15;-0.0040000;0.0000;0.0000;0.0040000;0.0000;-0.0060000;-0.0060000;-0.010000;-0.0020000;-0.0060000;-0.0060000
0.0000;-60.000;-50.000;60.000;70.000;80.000;90.000;100.00;0.20000;37.911;37.699;37.830;37.837;38.007;37.702;-0.0040000;-7,35E-15;2,45E-15;2,45E-15;2,45E-15;0.0040000;4,90E-15;-0.0040000;0.0000;0.0000;0.0040000;0.0000;-0.0060000;-0.0060000;-0.010000;-0.0020000;-0.0060000;-0.0060000
0.0000;-60.000;-50.000;60.000;70.000;80.000;90.000;100.00;0.30000;37.912;37.699;37.831;37.837;38.008;37.703;-0.0040000;-7,35E-15;2,45E-15;2,45E-15;2,45E-15;0.0040000;4,90E-15;-0.0040000;0.0000;0.0000;0.0040000;0.0000;-0.0060000;-0.0060000;-0.010000;-0.0020000;-0.0060000;-0.0060000
0.0000;-60.000;-50.000;60.000;70.000;80.000;90.000;100.00;0.40000;37.913;37.700;37.832;37.838;38.009;37.703;-0.0040000;-7,35E-15;2,45E-15;2,45E-15;2,45E-15;0.0040000;4,90E-15;-0.0040000;0.0000;0.0000;0.0040000;0.0000;-0.0060000;-0.0060000;-0.010000;-0.0020000;-0.0060000;-0.0060000
0.0000;-60.000;-50.000;60.000;70.000;80.000;90.000;100.00;0.50000;37.913;37.701;37.833;37.839;38.010;37.704;-0.0040000;-7,35E-15;2,45E-15;2,45E-15;2,45E-15;0.0040000;4,90E-15;-0.0040000;0.0000;0.0000;0.0040000;0.0000;-0.0060000;-0.0060000;-0.010000;-0.0020000;-0.0060000;-0.0060000
0.0000;-60.000;-50.000;60.000;70.000;80.000;90.000;100.00;0.60000;37.914;37.701;37.834;37.839;38.012;37.705;-0.0040000;-7,35E-15;2,45E-15;2,45E-15;2,45E-15;0.0040000;4,90E-15;-0.0040000;0.0000;0.0000;0.0040000;0.0000;-0.0060000;-0.0060000;-0.010000;-0.0020000;-0.0060000;-0.0060000
0.0000;-60.000;-50.000;60.000;70.000;80.000;90.000;100.00;0.70000;37.915;37.702;37.834;37.840;38.013;37.705;-0.0040000;-7,35E-15;2,45E-15;2,45E-15;2,45E-15;0.0040000;4,90E-15;-0.0040000;0.0000;0.0000;0.0040000;0.0000;-0.0060000;-0.0060000;-0.010000;-0.0020000;-0.0060000;-0.0060000
0.0000;-60.000;-50.000;60.000;70.000;80.000;90.000;100.00;0.80000;37.916;37.702;37.835;37.841;38.014;37.706;-0.0040000;-7,35E-15;2,45E-15;2,45E-15;2,45E-15;0.0040000;4,90E-15;-0.0040000;0.0000;0.0000;0.0040000;0.0000;-0.0060000;-0.0060000;-0.010000;-0.0020000;-0.0060000;-0.0060000
0.0000;-60.000;-50.000;60.000;70.000;80.000;90.000;100.00;0.90000;37.917;37.703;37.836;37.841;38.015;37.707;-0.0040000;-7,35E-15;2,45E-15;2,45E-15;2,45E-15;0.0040000;4,90E-15;-0.0040000;0.0000;0.0000;0.0040000;0.0000;-0.0060000;-0.0060000;-0.010000;-0.0020000;-0.0060000;-0.0060000
0.0000;-60.000;-50.000;60.000;70.000;80.000;90.000;100.00;10.000;37.918;37.704;37.837;37.842;38.016;37.707;-0.0040000;-7,35E-15;2,45E-15;2,45E-15;2,45E-15;0.0040000;4,90E-15;-0.0040000;0.0000;0.0000;0.0040000;0.0000;-0.0060000;-0.0060000;-0.010000;-0.0020000;-0.0060000;-0.0060000
0.0000;-80.000;-50.000;60.000;70.000;80.000;90.000;100.00;0.0000;38.498;38.236;38.670;38.551;38.777;38.238;-0.0040000;-7,35E-15;2,45E-15;2,45E-15;2,45E-15;0.0040000;4,90E-15;-0.0040000;0.0000;0.0000;0.0040000;0.0000;-0.0060000;-0.0060000;-0.010000;-0.0020000;-0.0060000;-0.0060000
0.0000;-80.000;-50.000;60.000;70.000;80.000;90.000;100.00;0.10000;38.499;38.238;38.675;38.555;38.779;38.239;-0.0040000;-7,35E-15;2,45E-15;2,45E-15;2,45E-15;0.0040000;4,90E-15;-0.0040000;0.0000;0.0000;0.0040000;0.0000;-0.0060000;-0.0060000;-0.010000;-0.0020000;-0.0060000;-0.0060000
0.0000;-80.000;-50.000;60.000;70.000;80.000;90.000;100.00;0.20000;38.501;38.239;38.678;38.558;38.781;38.240;-0.0040000;-7,35E-15;2,45E-15;2,45E-15;2,45E-15;0.0040000;4,90E-15;-0.0040000;0.0000;0.0000;0.0040000;0.0000;-0.0060000;-0.0060000;-0.010000;-0.0020000;-0.0060000;-0.0060000
0.0000;-80.000;-50.000;60.000;70.000;80.000;90.000;100.00;0.30000;38.502;38.241;38.681;38.561;38.784;38.241;-0.0040000;-7,35E-15;2,45E-15;2,45E-15;2,45E-15;0.0040000;4,90E-15;-0.0040000;0.0000;0.0000;0.0040000;0.0000;-0.0060000;-0.0060000;-0.010000;-0.0020000;-0.0060000;-0.0060000
0.0000;-80.000;-50.000;60.000;70.000;80.000;90.000;100.00;0.40000;38.504;38.242;38.684;38.563;38.786;38.242;-0.0040000;-7,35E-15;2,45E-15;2,45E-15;2,45E-15;0.0040000;4,90E-15;-0.0040000;0.0000;0.0000;0.0040000;0.0000;-0.0060000;-0.0060000;-0.010000;-0.0020000;-0.0060000;-0.0060000
0.0000;-80.000;-50.000;60.000;70.000;80.000;90.000;100.00;0.50000;38.506;38.244;38.686;38.564;38.789;38.244;-0.0040000;-7,35E-15;2,45E-15;2,45E-15;2,45E-15;0.0040000;4,90E-15;-0.0040000;0.0000;0.0000;0.0040000;0.0000;-0.0060000;-0.0060000;-0.010000;-0.0020000;-0.0060000;-0.0060000
0.0000;-80.000;-50.000;60.000;70.000;80.000;90.000;100.00;0.60000;38.508;38.245;38.688;38.566;38.791;38.245;-0.0040000;-7,35E-15;2,45E-15;2,45E-15;2,45E-15;0.0040000;4,90E-15;-0.0040000;0.0000;0.0000;0.0040000;0.0000;-0.0060000;-0.0060000;-0.010000;-0.0020000;-0.0060000;-0.0060000
0.0000;-80.000;-50.000;60.000;70.000;80.000;90.000;100.00;0.70000;38.510;38.247;38.691;38.568;38.794;38.247;-0.0040000;-7,35E-15;2,45E-15;2,45E-15;2,45E-15;0.0040000;4,90E-15;-0.0040000;0.0000;0.0000;0.0040000;0.0000;-0.0060000;-0.0060000;-0.010000;-0.0020000;-0.0060000;-0.0060000
0.0000;-80.000;-50.000;60.000;70.000;80.000;90.000;100.00;0.80000;38.512;38.248;38.693;38.569;38.796;38.248;-0.0040000;-7,35E-15;2,45E-15;2,45E-15;2,45E-15;0.0040000;4,90E-15;-0.0040000;0.0000;0.0000;0.0040000;0.0000;-0.0060000;-0.0060000;-0.010000;-0.0020000;-0.0060000;-0.0060000
0.0000;-80.000;-50.000;60.000;70.000;80.000;90.000;100.00;0.90000;38.514;38.249;38.694;38.571;38.798;38.249;-0.0040000;-7,35E-15;2,45E-15;2,45E-15;2,45E-15;0.0040000;4,90E-15;-0.0040000;0.0000;0.0000;0.0040000;0.0000;-0.0060000;-0.0060000;-0.010000;-0.0020000;-0.0060000;-0.0060000
0.0000;-80.000;-50.000;60.000;70.000;80.000;90.000;100.00;10.000;38.515;38.251;38.696;38.572;38.800;38.251;-0.0040000;-7,35E-15;2,45E-15;2,45E-15;2,45E-15;0.0040000;4,90E-15;-0.0040000;0.0000;0.0000;0.0040000;0.0000;-0.0060000;-0.0060000;-0.010000;-0.0020000;-0.0060000;-0.0060000
0.0000;-100.00;-50.000;60.000;70.000;80.000;90.000;100.00;0.0000;38.955;38.785;39.558;39.291;39.597;38.880;-0.0040000;-7,35E-15;2,45E-15;2,45E-15;2,45E-15;0.0040000;4,90E-15;-0.0040000;0.0000;0.0000;0.0040000;0.0000;-0.0060000;-0.0060000;-0.010000;-0.0020000;-0.0060000;-0.0060000
0.0000;-100.00;-50.000;60.000;70.000;80.000;90.000;100.00;0.10000;38.956;38.787;39.566;39.298;39.600;38.882;-0.0040000;-7,35E-15;2,45E-15;2,45E-15;2,45E-15;0.0040000;4,90E-15;-0.0040000;0.0000;0.0000;0.0040000;0.0000;-0.0060000;-0.0060000;-0.010000;-0.0020000;-0.0060000;-0.0060000
0.0000;-100.00;-50.000;60.000;70.000;80.000;90.000;100.00;0.20000;38.958;38.790;39.572;39.303;39.604;38.883;-0.0040000;-7,35E-15;2,45E-15;2,45E-15;2,45E-15;0.0040000;4,90E-15;-0.0040000;0.0000;0.0000;0.0040000;0.0000;-0.0060000;-0.0060000;-0.010000;-0.0020000;-0.0060000;-0.0060000
0.0000;-100.00;-50.000;60.000;70.000;80.000;90.000;100.00;0.30000;38.961;38.793;39.577;39.307;39.609;38.886;-0.0040000;-7,35E-15;2,45E-15;2,45E-15;2,45E-15;0.0040000;4,90E-15;-0.0040000;0.0000;0.0000;0.0040000;0.0000;-0.0060000;-0.0060000;-0.010000;-0.0020000;-0.0060000;-0.0060000
0.0000;-100.00;-50.000;60.000;70.000;80.000;90.000;100.00;0.40000;38.964;38.795;39.582;39.311;39.613;38.888;-0.0040000;-7,35E-15;2,45E-15;2,45E-15;2,45E-15;0.0040000;4,90E-15;-0.0040000;0.0000;0.0000;0.0040000;0.0000;-0.0060000;-0.0060000;-0.010000;-0.0020000;-0.0060000;-0.0060000
0.0000;-100.00;-50.000;60.000;70.000;80.000;90.000;100.00;0.50000;38.966;38.798;39.586;39.314;39.617;38.891;-0.0040000;-7,35E-15;2,45E-15;2,45E-15;2,45E-15;0.0040000;4,90E-15;-0.0040000;0.0000;0.0000;0.0040000;0.0000;-0.0060000;-0.0060000;-0.010000;-0.0020000;-0.0060000;-0.0060000
0.0000;-100.00;-50.000;60.000;70.000;80.000;90.000;100.00;0.60000;38.969;38.800;39.589;39.317;39.621;38.893;-0.0040000;-7,35E-15;2,45E-15;2,45E-15;2,45E-15;0.0040000;4,90E-15;-0.0040000;0.0000;0.0000;0.0040000;0.0000;-0.0060000;-0.0060000;-0.010000;-0.0020000;-0.0060000;-0.0060000
0.0000;-100.00;-50.000;60.000;70.000;80.000;90.000;100.00;0.70000;38.972;38.803;39.593;39.319;39.624;38.895;-0.0040000;-7,35E-15;2,45E-15;2,45E-15;2,45E-15;0.0040000;4,90E-15;-0.0040000;0.0000;0.0000;0.0040000;0.0000;-0.0060000;-0.0060000;-0.010000;-0.0020000;-0.0060000;-0.0060000
0.0000;-100.00;-50.000;60.000;70.000;80.000;90.000;100.00;0.80000;38.974;38.805;39.596;39.322;39.628;38.898;-0.0040000;-7,35E-15;2,45E-15;2,45E-15;2,45E-15;0.0040000;4,90E-15;-0.0040000;0.0000;0.0000;0.0040000;0.0000;-0.0060000;-0.0060000;-0.010000;-0.0020000;-0.0060000;-0.0060000
0.0000;-100.00;-50.000;60.000;70.000;80.000;90.000;100.00;0.90000;38.976;38.807;39.599;39.324;39.631;38.900;-0.0040000;-7,35E-15;2,45E-15;2,45E-15;2,45E-15;0.0040000;4,90E-15;-0.0040000;0.0000;0.0000;0.0040000;0.0000;-0.0060000;-0.0060000;-0.010000;-0.0020000;-0.0060000;-0.0060000
0.0000;-100.00;-50.000;60.000;70.000;80.000;90.000;100.00;10.000;38.979;38.809;39.602;39.327;39.635;38.902;-0.0040000;-7,35E-15;2,45E-15;2,45E-15;2,45E-15;0.0040000;4,90E-15;-0.0040000;0.0000;0.0000;0.0040000;0.0000;-0.0060000;-0.0060000;-0.010000;-0.0020000;-0.0060000;-0.0060000
0.0000;-120.00;-50.000;60.000;70.000;80.000;90.000;100.00;0.0000;38.740;38.694;39.440;39.178;39.495;38.868;-0.0040000;-7,35E-15;2,45E-15;2,45E-15;2,45E-15;0.0040000;4,90E-15;-0.0040000;0.0000;0.0000;0.0040000;0.0000;-0.0060000;-0.0060000;-0.010000;-0.0020000;-0.0060000;-0.0060000
0.0000;-120.00;-50.000;60.000;70.000;80.000;90.000;100.00;0.10000;38.741;38.697;39.447;39.184;39.498;38.869;-0.0040000;-7,35E-15;2,45E-15;2,45E-15;2,45E-15;0.0040000;4,90E-15;-0.0040000;0.0000;0.0000;0.0040000;0.0000;-0.0060000;-0.0060000;-0.010000;-0.0020000;-0.0060000;-0.0060000
0.0000;-120.00;-50.000;60.000;70.000;80.000;90.000;100.00;0.20000;38.742;38.699;39.453;39.189;39.502;38.871;-0.0040000;-7,35E-15;2,45E-15;2,45E-15;2,45E-15;0.0040000;4,90E-15;-0.0040000;0.0000;0.0000;0.0040000;0.0000;-0.0060000;-0.0060000;-0.010000;-0.0020000;-0.0060000;-0.0060000
0.0000;-120.00;-50.000;60.000;70.000;80.000;90.000;100.00;0.30000;38.744;38.702;39.458;39.193;39.506;38.874;-0.0040000;-7,35E-15;2,45E-15;2,45E-15;2,45E-15;0.0040000;4,90E-15;-0.0040000;0.0000;0.0000;0.0040000;0.0000;-0.0060000;-0.0060000;-0.010000;-0.0020000;-0.0060000;-0.0060000
0.0000;-120.00;-50.000;60.000;70.000;80.000;90.000;100.00;0.40000;38.747;38.704;39.462;39.197;39.510;38.876;-0.0040000;-7,35E-15;2,45E-15;2,45E-15;2,45E-15;0.0040000;4,90E-15;-0.0040000;0.0000;0.0000;0.0040000;0.0000;-0.0060000;-0.0060000;-0.010000;-0.0020000;-0.0060000;-0.0060000
0.0000;-120.00;-50.000;60.000;70.000;80.000;90.000;100.00;0.50000;38.749;38.707;39.466;39.200;39.514;38.879;-0.0040000;-7,35E-15;2,45E-15;2,45E-15;2,45E-15;0.0040000;4,90E-15;-0.0040000;0.0000;0.0000;0.0040000;0.0000;-0.0060000;-0.0060000;-0.010000;-0.0020000;-0.0060000;-0.0060000
0.0000;-120.00;-50.000;60.000;70.000;80.000;90.000;100.00;0.60000;38.751;38.709;39.470;39.203;39.518;38.881;-0.0040000;-7,35E-15;2,45E-15;2,45E-15;2,45E-15;0.0040000;4,90E-15;-0.0040000;0.0000;0.0000;0.0040000;0.0000;-0.0060000;-0.0060000;-0.010000;-0.0020000;-0.0060000;-0.0060000
0.0000;-120.00;-50.000;60.000;70.000;80.000;90.000;100.00;0.70000;38.753;38.712;39.473;39.205;39.521;38.884;-0.0040000;-7,35E-15;2,45E-15;2,45E-15;2,45E-15;0.0040000;4,90E-15;-0.0040000;0.0000;0.0000;0.0040000;0.0000;-0.0060000;-0.0060000;-0.010000;-0.0020000;-0.0060000;-0.0060000
0.0000;-120.00;-50.000;60.000;70.000;80.000;90.000;100.00;0.80000;38.755;38.714;39.476;39.208;39.525;38.886;-0.0040000;-7,35E-15;2,45E-15;2,45E-15;2,45E-15;0.0040000;4,90E-15;-0.0040000;0.0000;0.0000;0.0040000;0.0000;-0.0060000;-0.0060000;-0.010000;-0.0020000;-0.0060000;-0.0060000
0.0000;-120.00;-50.000;60.000;70.000;80.000;90.000;100.00;0.90000;38.757;38.716;39.479;39.210;39.528;38.888;-0.0040000;-7,35E-15;2,45E-15;2,45E-15;2,45E-15;0.0040000;4,90E-15;-0.0040000;0.0000;0.0000;0.0040000;0.0000;-0.0060000;-0.0060000;-0.010000;-0.0020000;-0.0060000;-0.0060000
0.0000;-120.00;-50.000;60.000;70.000;80.000;90.000;100.00;10.000;38.759;38.717;39.482;39.212;39.531;38.891;-0.0040000;-7,35E-15;2,45E-15;2,45E-15;2,45E-15;0.0040000;4,90E-15;-0.0040000;0.0000;0.0000;0.0040000;0.0000;-0.0060000;-0.0060000;-0.010000;-0.0020000;-0.0060000;-0.0060000
90.000;100.00;0.0000;-100.00;-50.000;60.000;70.000;80.000;0.0000;38.783;38.880;39.557;39.290;38.955;39.596;-0.0040000;-7,35E-15;2,45E-15;2,45E-15;2,45E-15;0.0040000;4,90E-15;-0.0040000;0.0000;0.0000;0.0040000;0.0000;-0.0060000;-0.0060000;-0.010000;-0.0020000;-0.0060000;-0.0060000
90.000;100.00;0.0000;-100.00;-50.000;60.000;70.000;80.000;0.10000;38.786;38.881;39.565;39.297;38.956;39.599;-0.0040000;-7,35E-15;2,45E-15;2,45E-15;2,45E-15;0.0040000;4,90E-15;-0.0040000;0.0000;0.0000;0.0040000;0.0000;-0.0060000;-0.0060000;-0.010000;-0.0020000;-0.0060000;-0.0060000
90.000;100.00;0.0000;-100.00;-50.000;60.000;70.000;80.000;0.20000;38.789;38.883;39.571;39.302;38.958;39.603;-0.0040000;-7,35E-15;2,45E-15;2,45E-15;2,45E-15;0.0040000;4,90E-15;-0.0040000;0.0000;0.0000;0.0040000;0.0000;-0.0060000;-0.0060000;-0.010000;-0.0020000;-0.0060000;-0.0060000
90.000;100.00;0.0000;-100.00;-50.000;60.000;70.000;80.000;0.30000;38.791;38.885;39.576;39.307;38.961;39.608;-0.0040000;-7,35E-15;2,45E-15;2,45E-15;2,45E-15;0.0040000;4,90E-15;-0.0040000;0.0000;0.0000;0.0040000;0.0000;-0.0060000;-0.0060000;-0.010000;-0.0020000;-0.0060000;-0.0060000
90.000;100.00;0.0000;-100.00;-50.000;60.000;70.000;80.000;0.40000;38.794;38.888;39.581;39.310;38.964;39.612;-0.0040000;-7,35E-15;2,45E-15;2,45E-15;2,45E-15;0.0040000;4,90E-15;-0.0040000;0.0000;0.0000;0.0040000;0.0000;-0.0060000;-0.0060000;-0.010000;-0.0020000;-0.0060000;-0.0060000
90.000;100.00;0.0000;-100.00;-50.000;60.000;70.000;80.000;0.50000;38.797;38.890;39.585;39.313;38.966;39.616;-0.0040000;-7,35E-15;2,45E-15;2,45E-15;2,45E-15;0.0040000;4,90E-15;-0.0040000;0.0000;0.0000;0.0040000;0.0000;-0.0060000;-0.0060000;-0.010000;-0.0020000;-0.0060000;-0.0060000
90.000;100.00;0.0000;-100.00;-50.000;60.000;70.000;80.000;0.60000;38.799;38.893;39.588;39.316;38.969;39.620;-0.0040000;-7,35E-15;2,45E-15;2,45E-15;2,45E-15;0.0040000;4,90E-15;-0.0040000;0.0000;0.0000;0.0040000;0.0000;-0.0060000;-0.0060000;-0.010000;-0.0020000;-0.0060000;-0.0060000
90.000;100.00;0.0000;-100.00;-50.000;60.000;70.000;80.000;0.70000;38.801;38.895;39.592;39.319;38.971;39.623;-0.0040000;-7,35E-15;2,45E-15;2,45E-15;2,45E-15;0.0040000;4,90E-15;-0.0040000;0.0000;0.0000;0.0040000;0.0000;-0.0060000;-0.0060000;-0.010000;-0.0020000;-0.0060000;-0.0060000
90.000;100.00;0.0000;-100.00;-50.000;60.000;70.000;80.000;0.80000;38.803;38.897;39.595;39.321;38.974;39.627;-0.0040000;-7,35E-15;2,45E-15;2,45E-15;2,45E-15;0.0040000;4,90E-15;-0.0040000;0.0000;0.0000;0.0040000;0.0000;-0.0060000;-0.0060000;-0.010000;-0.0020000;-0.0060000;-0.0060000
90.000;100.00;0.0000;-100.00;-50.000;60.000;70.000;80.000;0.90000;38.806;38.899;39.598;39.324;38.976;39.630;-0.0040000;-7,35E-15;2,45E-15;2,45E-15;2,45E-15;0.0040000;4,90E-15;-0.0040000;0.0000;0.0000;0.0040000;0.0000;-0.0060000;-0.0060000;-0.010000;-0.0020000;-0.0060000;-0.0060000
90.000;100.00;0.0000;-100.00;-50.000;60.000;70.000;80.000;10.000;38.808;38.902;39.601;39.326;38.979;39.634;-0.0040000;-7,35E-15;2,45E-15;2,45E-15;2,45E-15;0.0040000;4,90E-15;-0.0040000;0.0000;0.0000;0.0040000;0.0000;-0.0060000;-0.0060000;-0.010000;-0.0020000;-0.0060000;-0.0060000
70.000;80.000;90.000;100.00;0.0000;-100.00;-50.000;60.000;0.0000;38.880;39.597;39.558;39.290;38.784;38.955;-0.0040000;-7,35E-15;2,45E-15;2,45E-15;2,45E-15;0.0040000;4,90E-15;-0.0040000;0.0000;0.0000;0.0040000;0.0000;-0.0060000;-0.0060000;-0.010000;-0.0020000;-0.0060000;-0.0060000
70.000;80.000;90.000;100.00;0.0000;-100.00;-50.000;60.000;0.10000;38.881;39.600;39.565;39.297;38.787;38.956;-0.0040000;-7,35E-15;2,45E-15;2,45E-15;2,45E-15;0.0040000;4,90E-15;-0.0040000;0.0000;0.0000;0.0040000;0.0000;-0.0060000;-0.0060000;-0.010000;-0.0020000;-0.0060000;-0.0060000
70.000;80.000;90.000;100.00;0.0000;-100.00;-50.000;60.000;0.20000;38.883;39.604;39.572;39.302;38.790;38.958;-0.0040000;-7,35E-15;2,45E-15;2,45E-15;2,45E-15;0.0040000;4,90E-15;-0.0040000;0.0000;0.0000;0.0040000;0.0000;-0.0060000;-0.0060000;-0.010000;-0.0020000;-0.0060000;-0.0060000
70.000;80.000;90.000;100.00;0.0000;-100.00;-50.000;60.000;0.30000;38.885;39.608;39.577;39.306;38.792;38.960;-0.0040000;-7,35E-15;2,45E-15;2,45E-15;2,45E-15;0.0040000;4,90E-15;-0.0040000;0.0000;0.0000;0.0040000;0.0000;-0.0060000;-0.0060000;-0.010000;-0.0020000;-0.0060000;-0.0060000
70.000;80.000;90.000;100.00;0.0000;-100.00;-50.000;60.000;0.40000;38.888;39.612;39.581;39.310;38.795;38.963;-0.0040000;-7,35E-15;2,45E-15;2,45E-15;2,45E-15;0.0040000;4,90E-15;-0.0040000;0.0000;0.0000;0.0040000;0.0000;-0.0060000;-0.0060000;-0.010000;-0.0020000;-0.0060000;-0.0060000
70.000;80.000;90.000;100.00;0.0000;-100.00;-50.000;60.000;0.50000;38.890;39.616;39.586;39.313;38.797;38.966;-0.0040000;-7,35E-15;2,45E-15;2,45E-15;2,45E-15;0.0040000;4,90E-15;-0.0040000;0.0000;0.0000;0.0040000;0.0000;-0.0060000;-0.0060000;-0.010000;-0.0020000;-0.0060000;-0.0060000
70.000;80.000;90.000;100.00;0.0000;-100.00;-50.000;60.000;0.60000;38.893;39.620;39.589;39.316;38.800;38.968;-0.0040000;-7,35E-15;2,45E-15;2,45E-15;2,45E-15;0.0040000;4,90E-15;-0.0040000;0.0000;0.0000;0.0040000;0.0000;-0.0060000;-0.0060000;-0.010000;-0.0020000;-0.0060000;-0.0060000
70.000;80.000;90.000;100.00;0.0000;-100.00;-50.000;60.000;0.70000;38.895;39.624;39.593;39.318;38.802;38.971;-0.0040000;-7,35E-15;2,45E-15;2,45E-15;2,45E-15;0.0040000;4,90E-15;-0.0040000;0.0000;0.0000;0.0040000;0.0000;-0.0060000;-0.0060000;-0.010000;-0.0020000;-0.0060000;-0.0060000
70.000;80.000;90.000;100.00;0.0000;-100.00;-50.000;60.000;0.80000;38.897;39.628;39.596;39.321;38.804;38.973;-0.0040000;-7,35E-15;2,45E-15;2,45E-15;2,45E-15;0.0040000;4,90E-15;-0.0040000;0.0000;0.0000;0.0040000;0.0000;-0.0060000;-0.0060000;-0.010000;-0.0020000;-0.0060000;-0.0060000
70.000;80.000;90.000;100.00;0.0000;-100.00;-50.000;60.000;0.90000;38.900;39.631;39.599;39.323;38.806;38.976;-0.0040000;-7,35E-15;2,45E-15;2,45E-15;2,45E-15;0.0040000;4,90E-15;-0.0040000;0.0000;0.0000;0.0040000;0.0000;-0.0060000;-0.0060000;-0.010000;-0.0020000;-0.0060000;-0.0060000
70.000;80.000;90.000;100.00;0.0000;-100.00;-50.000;60.000;10.000;38.902;39.634;39.602;39.325;38.808;38.978;-0.0040000;-7,35E-15;2,45E-15;2,45E-15;2,45E-15;0.0040000;4,90E-15;-0.0040000;0.0000;0.0000;0.0040000;0.0000;-0.0060000;-0.0060000;-0.010000;-0.0020000;-0.0060000;-0.0060000
-50.000;60.000;70.000;80.000;90.000;100.00;0.0000;-100.00;0.0000;39.596;38.955;39.557;39.290;38.879;38.783;-0.0040000;-7,35E-15;2,45E-15;2,45E-15;2,45E-15;0.0040000;4,90E-15;-0.0040000;0.0000;0.0000;0.0040000;0.0000;-0.0060000;-0.0060000;-0.010000;-0.0020000;-0.0060000;-0.0060000
-50.000;60.000;70.000;80.000;90.000;100.00;0.0000;-100.00;0.10000;39.600;38.956;39.565;39.296;38.880;38.786;-0.0040000;-7,35E-15;2,45E-15;2,45E-15;2,45E-15;0.0040000;4,90E-15;-0.0040000;0.0000;0.0000;0.0040000;0.0000;-0.0060000;-0.0060000;-0.010000;-0.0020000;-0.0060000;-0.0060000
-50.000;60.000;70.000;80.000;90.000;100.00;0.0000;-100.00;0.20000;39.604;38.958;39.571;39.302;38.882;38.788;-0.0040000;-7,35E-15;2,45E-15;2,45E-15;2,45E-15;0.0040000;4,90E-15;-0.0040000;0.0000;0.0000;0.0040000;0.0000;-0.0060000;-0.0060000;-0.010000;-0.0020000;-0.0060000;-0.0060000
-50.000;60.000;70.000;80.000;90.000;100.00;0.0000;-100.00;0.30000;39.608;38.961;39.576;39.306;38.885;38.791;-0.0040000;-7,35E-15;2,45E-15;2,45E-15;2,45E-15;0.0040000;4,90E-15;-0.0040000;0.0000;0.0000;0.0040000;0.0000;-0.0060000;-0.0060000;-0.010000;-0.0020000;-0.0060000;-0.0060000
-50.000;60.000;70.000;80.000;90.000;100.00;0.0000;-100.00;0.40000;39.612;38.964;39.581;39.309;38.887;38.794;-0.0040000;-7,35E-15;2,45E-15;2,45E-15;2,45E-15;0.0040000;4,90E-15;-0.0040000;0.0000;0.0000;0.0040000;0.0000;-0.0060000;-0.0060000;-0.010000;-0.0020000;-0.0060000;-0.0060000
-50.000;60.000;70.000;80.000;90.000;100.00;0.0000;-100.00;0.50000;39.616;38.966;39.585;39.313;38.890;38.796;-0.0040000;-7,35E-15;2,45E-15;2,45E-15;2,45E-15;0.0040000;4,90E-15;-0.0040000;0.0000;0.0000;0.0040000;0.0000;-0.0060000;-0.0060000;-0.010000;-0.0020000;-0.0060000;-0.0060000
-50.000;60.000;70.000;80.000;90.000;100.00;0.0000;-100.00;0.60000;39.620;38.969;39.588;39.315;38.892;38.798;-0.0040000;-7,35E-15;2,45E-15;2,45E-15;2,45E-15;0.0040000;4,90E-15;-0.0040000;0.0000;0.0000;0.0040000;0.0000;-0.0060000;-0.0060000;-0.010000;-0.0020000;-0.0060000;-0.0060000
-50.000;60.000;70.000;80.000;90.000;100.00;0.0000;-100.00;0.70000;39.624;38.971;39.592;39.318;38.894;38.801;-0.0040000;-7,35E-15;2,45E-15;2,45E-15;2,45E-15;0.0040000;4,90E-15;-0.0040000;0.0000;0.0000;0.0040000;0.0000;-0.0060000;-0.0060000;-0.010000;-0.0020000;-0.0060000;-0.0060000
-50.000;60.000;70.000;80.000;90.000;100.00;0.0000;-100.00;0.80000;39.627;38.974;39.595;39.321;38.897;38.803;-0.0040000;-7,35E-15;2,45E-15;2,45E-15;2,45E-15;0.0040000;4,90E-15;-0.0040000;0.0000;0.0000;0.0040000;0.0000;-0.0060000;-0.0060000;-0.010000;-0.0020000;-0.0060000;-0.0060000
-50.000;60.000;70.000;80.000;90.000;100.00;0.0000;-100.00;0.90000;39.631;38.976;39.598;39.323;38.899;38.805;-0.0040000;-7,35E-15;2,45E-15;2,45E-15;2,45E-15;0.0040000;4,90E-15;-0.0040000;0.0000;0.0000;0.0040000;0.0000;-0.0060000;-0.0060000;-0.010000;-0.0020000;-0.0060000;-0.0060000
-50.000;60.000;70.000;80.000;90.000;100.00;0.0000;-100.00;10.000;39.634;38.979;39.601;39.325;38.901;38.807;-0.0040000;-7,35E-15;2,45E-15;2,45E-15;2,45E-15;0.0040000;4,90E-15;-0.0040000;0.0000;0.0000;0.0040000;0.0000;-0.0060000;-0.0060000;-0.010000;-0.0020000;-0.0060000;-0.0060000
0.0000;-80.000;-30.000;40.000;50.000;60.000;70.000;80.000;0.0000;39.058;38.544;39.215;38.985;39.068;38.921;-0.0040000;-7,35E-15;2,45E-15;2,45E-15;2,45E-15;0.0040000;4,90E-15;-0.0040000;0.0000;0.0000;0.0040000;0.0000;-0.0060000;-0.0060000;-0.010000;-0.0020000;-0.0060000;-0.0060000
0.0000;-80.000;-30.000;40.000;50.000;60.000;70.000;80.000;0.10000;39.061;38.545;39.220;38.990;39.070;38.923;-0.0040000;-7,35E-15;2,45E-15;2,45E-15;2,45E-15;0.0040000;4,90E-15;-0.0040000;0.0000;0.0000;0.0040000;0.0000;-0.0060000;-0.0060000;-0.010000;-0.0020000;-0.0060000;-0.0060000
0.0000;-80.000;-30.000;40.000;50.000;60.000;70.000;80.000;0.20000;39.065;38.547;39.225;38.994;39.072;38.925;-0.0040000;-7,35E-15;2,45E-15;2,45E-15;2,45E-15;0.0040000;4,90E-15;-0.0040000;0.0000;0.0000;0.0040000;0.0000;-0.0060000;-0.0060000;-0.010000;-0.0020000;-0.0060000;-0.0060000
0.0000;-80.000;-30.000;40.000;50.000;60.000;70.000;80.000;0.30000;39.068;38.549;39.229;38.997;39.075;38.928;-0.0040000;-7,35E-15;2,45E-15;2,45E-15;2,45E-15;0.0040000;4,90E-15;-0.0040000;0.0000;0.0000;0.0040000;0.0000;-0.0060000;-0.0060000;-0.010000;-0.0020000;-0.0060000;-0.0060000
0.0000;-80.000;-30.000;40.000;50.000;60.000;70.000;80.000;0.40000;39.071;38.551;39.232;38.999;39.078;38.930;-0.0040000;-7,35E-15;2,45E-15;2,45E-15;2,45E-15;0.0040000;4,90E-15;-0.0040000;0.0000;0.0000;0.0040000;0.0000;-0.0060000;-0.0060000;-0.010000;-0.0020000;-0.0060000;-0.0060000
0.0000;-80.000;-30.000;40.000;50.000;60.000;70.000;80.000;0.50000;39.074;38.553;39.236;39.002;39.080;38.933;-0.0040000;-7,35E-15;2,45E-15;2,45E-15;2,45E-15;0.0040000;4,90E-15;-0.0040000;0.0000;0.0000;0.0040000;0.0000;-0.0060000;-0.0060000;-0.010000;-0.0020000;-0.0060000;-0.0060000
0.0000;-80.000;-30.000;40.000;50.000;60.000;70.000;80.000;0.60000;39.077;38.555;39.239;39.004;39.083;38.935;-0.0040000;-7,35E-15;2,45E-15;2,45E-15;2,45E-15;0.0040000;4,90E-15;-0.0040000;0.0000;0.0000;0.0040000;0.0000;-0.0060000;-0.0060000;-0.010000;-0.0020000;-0.0060000;-0.0060000
0.0000;-80.000;-30.000;40.000;50.000;60.000;70.000;80.000;0.70000;39.080;38.556;39.241;39.006;39.086;38.938;-0.0040000;-7,35E-15;2,45E-15;2,45E-15;2,45E-15;0.0040000;4,90E-15;-0.0040000;0.0000;0.0000;0.0040000;0.0000;-0.0060000;-0.0060000;-0.010000;-0.0020000;-0.0060000;-0.0060000
0.0000;-80.000;-30.000;40.000;50.000;60.000;70.000;80.000;0.80000;39.083;38.558;39.244;39.008;39.089;38.940;-0.0040000;-7,35E-15;2,45E-15;2,45E-15;2,45E-15;0.0040000;4,90E-15;-0.0040000;0.0000;0.0000;0.0040000;0.0000;-0.0060000;-0.0060000;-0.010000;-0.0020000;-0.0060000;-0.0060000
0.0000;-80.000;-30.000;40.000;50.000;60.000;70.000;80.000;0.90000;39.085;38.560;39.247;39.011;39.091;38.942;-0.0040000;-7,35E-15;2,45E-15;2,45E-15;2,45E-15;0.0040000;4,90E-15;-0.0040000;0.0000;0.0000;0.0040000;0.0000;-0.0060000;-0.0060000;-0.010000;-0.0020000;-0.0060000;-0.0060000
0.0000;-80.000;-30.000;40.000;50.000;60.000;70.000;80.000;10.000;39.087;38.561;39.249;39.012;39.094;38.945;-0.0040000;-7,35E-15;2,45E-15;2,45E-15;2,45E-15;0.0040000;4,90E-15;-0.0040000;0.0000;0.0000;0.0040000;0.0000;-0.0060000;-0.0060000;-0.010000;-0.0020000;-0.0060000;-0.0060000
0.0000;-90.000;-40.000;50.000;60.000;70.000;80.000;90.000;0.0000;38.086;38.043;38.364;38.303;38.306;38.689;-0.0040000;-7,35E-15;2,45E-15;2,45E-15;2,45E-15;0.0040000;4,90E-15;-0.0040000;0.0000;0.0000;0.0040000;0.0000;-0.0060000;-0.0060000;-0.010000;-0.0020000;-0.0060000;-0.0060000
0.0000;-90.000;-40.000;50.000;60.000;70.000;80.000;90.000;0.10000;38.087;38.043;38.367;38.306;38.306;38.691;-0.0040000;-7,35E-15;2,45E-15;2,45E-15;2,45E-15;0.0040000;4,90E-15;-0.0040000;0.0000;0.0000;0.0040000;0.0000;-0.0060000;-0.0060000;-0.010000;-0.0020000;-0.0060000;-0.0060000
0.0000;-90.000;-40.000;50.000;60.000;70.000;80.000;90.000;0.20000;38.089;38.044;38.369;38.307;38.307;38.693;-0.0040000;-7,35E-15;2,45E-15;2,45E-15;2,45E-15;0.0040000;4,90E-15;-0.0040000;0.0000;0.0000;0.0040000;0.0000;-0.0060000;-0.0060000;-0.010000;-0.0020000;-0.0060000;-0.0060000
0.0000;-90.000;-40.000;50.000;60.000;70.000;80.000;90.000;0.30000;38.090;38.045;38.371;38.309;38.308;38.695;-0.0040000;-7,35E-15;2,45E-15;2,45E-15;2,45E-15;0.0040000;4,90E-15;-0.0040000;0.0000;0.0000;0.0040000;0.0000;-0.0060000;-0.0060000;-0.010000;-0.0020000;-0.0060000;-0.0060000
0.0000;-90.000;-40.000;50.000;60.000;70.000;80.000;90.000;0.40000;38.091;38.046;38.373;38.310;38.309;38.697;-0.0040000;-7,35E-15;2,45E-15;2,45E-15;2,45E-15;0.0040000;4,90E-15;-0.0040000;0.0000;0.0000;0.0040000;0.0000;-0.0060000;-0.0060000;-0.010000;-0.0020000;-0.0060000;-0.0060000
0.0000;-90.000;-40.000;50.000;60.000;70.000;80.000;90.000;0.50000;38.092;38.047;38.374;38.312;38.311;38.700;-0.0040000;-7,35E-15;2,45E-15;2,45E-15;2,45E-15;0.0040000;4,90E-15;-0.0040000;0.0000;0.0000;0.0040000;0.0000;-0.0060000;-0.0060000;-0.010000;-0.0020000;-0.0060000;-0.0060000
0.0000;-90.000;-40.000;50.000;60.000;70.000;80.000;90.000;0.60000;38.093;38.048;38.376;38.313;38.312;38.702;-0.0040000;-7,35E-15;2,45E-15;2,45E-15;2,45E-15;0.0040000;4,90E-15;-0.0040000;0.0000;0.0000;0.0040000;0.0000;-0.0060000;-0.0060000;-0.010000;-0.0020000;-0.0060000;-0.0060000
0.0000;-90.000;-40.000;50.000;60.000;70.000;80.000;90.000;0.70000;38.095;38.049;38.378;38.314;38.313;38.704;-0.0040000;-7,35E-15;2,45E-15;2,45E-15;2,45E-15;0.0040000;4,90E-15;-0.0040000;0.0000;0.0000;0.0040000;0.0000;-0.0060000;-0.0060000;-0.010000;-0.0020000;-0.0060000;-0.0060000
0.0000;-90.000;-40.000;50.000;60.000;70.000;80.000;90.000;0.80000;38.096;38.050;38.379;38.315;38.315;38.706;-0.0040000;-7,35E-15;2,45E-15;2,45E-15;2,45E-15;0.0040000;4,90E-15;-0.0040000;0.0000;0.0000;0.0040000;0.0000;-0.0060000;-0.0060000;-0.010000;-0.0020000;-0.0060000;-0.0060000
0.0000;-90.000;-40.000;50.000;60.000;70.000;80.000;90.000;0.90000;38.097;38.052;38.380;38.316;38.316;38.708;-0.0040000;-7,35E-15;2,45E-15;2,45E-15;2,45E-15;0.0040000;4,90E-15;-0.0040000;0.0000;0.0000;0.0040000;0.0000;-0.0060000;-0.0060000;-0.010000;-0.0020000;-0.0060000;-0.0060000
0.0000;-90.000;-40.000;50.000;60.000;70.000;80.000;90.000;10.000;38.098;38.053;38.382;38.317;38.317;38.710;-0.0040000;-7,35E-15;2,45E-15;2,45E-15;2,45E-15;0.0040000;4,90E-15;-0.0040000;0.0000;0.0000;0.0040000;0.0000;-0.0060000;-0.0060000;-0.010000;-0.0020000;-0.0060000;-0.0060000
0.0000;-120.00;-70.000;80.000;90.000;100.00;110.00;120.00;0.0000;39.203;39.504;40.199;39.834;39.654;40.054;-0.0040000;-7,35E-15;2,45E-15;2,45E-15;2,45E-15;0.0040000;4,90E-15;-0.0040000;0.0000;0.0000;0.0040000;0.0000;-0.0060000;-0.0060000;-0.010000;-0.0020000;-0.0060000;-0.0060000
0.0000;-120.00;-70.000;80.000;90.000;100.00;110.00;120.00;0.10000;39.203;39.505;40.200;39.836;39.654;40.054;-0.0040000;-7,35E-15;2,45E-15;2,45E-15;2,45E-15;0.0040000;4,90E-15;-0.0040000;0.0000;0.0000;0.0040000;0.0000;-0.0060000;-0.0060000;-0.010000;-0.0020000;-0.0060000;-0.0060000
0.0000;-120.00;-70.000;80.000;90.000;100.00;110.00;120.00;0.20000;39.204;39.506;40.202;39.837;39.654;40.055;-0.0040000;-7,35E-15;2,45E-15;2,45E-15;2,45E-15;0.0040000;4,90E-15;-0.0040000;0.0000;0.0000;0.0040000;0.0000;-0.0060000;-0.0060000;-0.010000;-0.0020000;-0.0060000;-0.0060000
0.0000;-120.00;-70.000;80.000;90.000;100.00;110.00;120.00;0.30000;39.204;39.506;40.203;39.838;39.655;40.056;-0.0040000;-7,35E-15;2,45E-15;2,45E-15;2,45E-15;0.0040000;4,90E-15;-0.0040000;0.0000;0.0000;0.0040000;0.0000;-0.0060000;-0.0060000;-0.010000;-0.0020000;-0.0060000;-0.0060000
0.0000;-120.00;-70.000;80.000;90.000;100.00;110.00;120.00;0.40000;39.205;39.507;40.204;39.839;39.656;40.057;-0.0040000;-7,35E-15;2,45E-15;2,45E-15;2,45E-15;0.0040000;4,90E-15;-0.0040000;0.0000;0.0000;0.0040000;0.0000;-0.0060000;-0.0060000;-0.010000;-0.0020000;-0.0060000;-0.0060000
0.0000;-120.00;-70.000;80.000;90.000;100.00;110.00;120.00;0.50000;39.205;39.508;40.205;39.839;39.656;40.058;-0.0040000;-7,35E-15;2,45E-15;2,45E-15;2,45E-15;0.0040000;4,90E-15;-0.0040000;0.0000;0.0000;0.0040000;0.0000;-0.0060000;-0.0060000;-0.010000;-0.0020000;-0.0060000;-0.0060000
0.0000;-120.00;-70.000;80.000;90.000;100.00;110.00;120.00;0.60000;39.206;39.509;40.206;39.840;39.657;40.059;-0.0040000;-7,35E-15;2,45E-15;2,45E-15;2,45E-15;0.0040000;4,90E-15;-0.0040000;0.0000;0.0000;0.0040000;0.0000;-0.0060000;-0.0060000;-0.010000;-0.0020000;-0.0060000;-0.0060000
0.0000;-120.00;-70.000;80.000;90.000;100.00;110.00;120.00;0.70000;39.207;39.509;40.207;39.841;39.658;40.060;-0.0040000;-7,35E-15;2,45E-15;2,45E-15;2,45E-15;0.0040000;4,90E-15;-0.0040000;0.0000;0.0000;0.0040000;0.0000;-0.0060000;-0.0060000;-0.010000;-0.0020000;-0.0060000;-0.0060000
0.0000;-120.00;-70.000;80.000;90.000;100.00;110.00;120.00;0.80000;39.207;39.510;40.208;39.841;39.658;40.060;-0.0040000;-7,35E-15;2,45E-15;2,45E-15;2,45E-15;0.0040000;4,90E-15;-0.0040000;0.0000;0.0000;0.0040000;0.0000;-0.0060000;-0.0060000;-0.010000;-0.0020000;-0.0060000;-0.0060000
0.0000;-120.00;-70.000;80.000;90.000;100.00;110.00;120.00;0.90000;39.207;39.510;40.208;39.842;39.659;40.061;-0.0040000;-7,35E-15;2,45E-15;2,45E-15;2,45E-15;0.0040000;4,90E-15;-0.0040000;0.0000;0.0000;0.0040000;0.0000;-0.0060000;-0.0060000;-0.010000;-0.0020000;-0.0060000;-0.0060000
0.0000;-120.00;-70.000;80.000;90.000;100.00;110.00;120.00;10.000;39.208;39.511;40.209;39.843;39.660;40.062;-0.0040000;-7,35E-15;2,45E-15;2,45E-15;2,45E-15;0.0040000;4,90E-15;-0.0040000;0.0000;0.0000;0.0040000;0.0000;-0.0060000;-0.0060000;-0.010000;-0.0020000;-0.0060000;-0.0060000
